"debt_value","status","num_members","market_value","living_space","helping_parents","medicine_cost","land_bought","supp_fees","avg_unpaid_bills","income","internet"
250000,4,2,1250000,43,1,120,2,500,4000,27000,1
12000,4,6,8e+05,34,2,3000,2,4000,300,59000,2
2e+05,4,4,1e+06,47,2,2000,2,2200,8300,90500,1
155000,4,3,5e+05,16,2,2000,2,1300,300,30500,2
150000,4,4,1500000,36,1,2500,2,2600,5600,61000,1
30000,1,4,4e+06,48,1,5000,2,3000,5300,50000,1
270000,1,6,6e+06,30,2,1000,2,15000,5000,120000,1
27000,1,4,2500000,25.9,1,100,1,4200,4300,76000,1
42000,1,4,3e+06,35,2,1400,2,2600,3000,35000,1
250000,1,5,1500000,28,2,3000,2,9700,4500,88200,2
1500000,2,4,2e+06,49,2,1000,2,1400,3000,60000,1
962520,2,4,1800000,27,2,2800,2,2500,3500,59500,1
15000,2,4,2e+06,27,2,500,2,1000,3500,67804,1
190000,4,4,1600000,27,2,5000,2,1400,2500,26000,1
840000,2,4,2800000,38.4,2,366,1,1000,5000,70000,1
240000,2,3,2300000,30.6,2,1408,2,1500,2700,48000,2
5e+05,2,6,2800000,50.9,2,1000,2,1200,7000,41700,1
1e+05,2,4,2500000,47.7,2,3500,2,1500,6000,45000,1
1e+05,2,4,1600000,30,2,1000,2,1400,5300,36380,1
960000,2,4,1650000,28.8,2,3000,2,3600,3000,46000,2
10000,2,3,2500000,40,2,1000,2,3000,18000,71000,1
1e+05,2,4,2e+06,38,2,2000,2,3240,600,50500,1
7e+05,2,5,1950000,28.7,2,500,2,800,4500,17000,1
2e+05,2,5,1e+06,35,2,2000,2,2000,900,70000,1
2e+05,2,4,1300000,90,2,200,2,800,1000,35000,2
5e+05,2,4,2e+06,44,2,3000,2,3740,4500,96000,1
350000,2,4,2300000,48,2,800,2,2600,5000,80000,1
4750000,2,4,1750000,47.5,2,3320,2,2700,2700,52400,1
80000,2,5,1800000,70,2,1000,2,7150,1400,63000,1
2e+05,2,8,1600000,27,2,400,2,4500,5000,62600,2
5e+05,2,2,1300000,33,2,150,2,200,2000,102000,1
7e+05,2,4,1200000,35.2,2,6665,2,4380,3000,78000,1
10000,2,5,99999996,36,2,930,2,500,7000,41000,1
40000,2,5,1300000,43,2,610,2,820,5800,48175,1
1e+05,4,4,1200000,26.8,2,550,2,2600,1500,65000,1
1500000,2,4,1500000,39.2,2,3000,2,5500,4100,59700,1
296200,2,3,3500000,30,1,2700,2,1600,2100,110000,2
7000,2,3,8e+05,14,2,1200,2,100,2630,98100,1
350000,2,2,1e+06,17,2,200,2,340,2000,37100,1
40000,2,5,1e+06,24.2,2,1200,2,1800,750,30000,1
80000,2,4,1800000,58.6,2,900,2,4436,5000,50000,1
1296000,2,3,1300000,21,2,3500,2,5500,3000,55000,1
6e+05,4,4,1300000,17,2,270,2,3000,3500,60000,1
360000,4,4,1200000,16,2,1800,2,2100,1700,54000,1
8e+05,2,8,1300000,36,2,1700,2,2000,6000,82390,1
430000,2,4,1800000,48,2,1000,2,5400,6000,72000,2
64000,4,4,1500000,75,2,3000,2,500,900,39800,1
230000,2,4,3e+05,30,2,250,2,1000,1100,66000,1
105000,2,3,8e+05,34,2,5000,2,3000,3700,68000,1
60000,2,3,6e+05,28.4,1,2470,2,7000,2200,39000,1
40000,2,4,1200000,40,2,3000,2,1960,4000,51200,1
22000,3,7,6e+05,49,2,2000,2,130,5100,66665,1
24000,3,7,1200000,59.6,2,2250,2,1600,1500,73740,1
30000,3,5,9e+05,57,1,920,2,1600,1000,27150,1
27000,3,4,2e+06,72,2,580,2,150,1200,44000,1
10000,4,5,4e+05,36,2,8000,2,1600,3000,47935,1
20000,3,4,5e+05,38.5,2,500,2,1500,850,22500,2
70000,1,4,1800000,18,2,500,2,680,3000,47000,1
60000,1,4,99999995,70,2,700,2,500,2500,58000,2
1900000,1,5,3500000,34,2,2000,2,2800,3000,88540,1
3e+05,1,3,2500000,48,2,1000,2,500,3005,60090,1
550000,1,5,99999995,60,2,1300,2,4000,980,63990,1
50000,1,5,1900000,19,1,500,2,800,4000,54600,1
7e+05,1,6,4e+06,100,2,2000,2,2000,5000,60000,2
57000,1,4,4e+06,35,2,1000,2,2000,4200,96250,2
2e+06,1,4,2300000,34,1,1000,2,1600,3000,35000,1
380000,1,4,3500000,37.5,2,2000,2,2000,5000,74000,1
5e+05,1,6,99999995,40,2,2850,2,600,2500,114000,1
2e+05,1,4,3500000,40,2,1500,2,7500,2500,1e+05,1
1e+05,1,3,3500000,50,2,1500,2,4500,6000,71600,1
2e+05,1,4,4300000,70,2,800,2,2000,4000,132000,2
110000,1,4,3200000,22,1,300,2,4500,2500,43000,1
98000,1,4,2800000,21.5,2,3000,2,1800,3200,47200,1
2e+05,1,4,2300000,30,1,500,2,6600,560,65000,1
170000,1,3,99999995,54,2,510,2,2970,2700,38000,2
1500000,1,4,4e+06,40,2,1000,2,9000,3000,60000,1
1630000,1,3,99999995,31,1,2000,2,3700,2500,187000,1
90000,1,4,2e+06,39,1,1700,2,4000,5000,37974,1
49000,1,4,3e+06,60,2,300,2,3000,7700,63344,1
142000,1,2,1450000,41,2,830,2,886,2600,75520,1
12000,1,4,2500000,51,1,2000,2,4200,3000,53000,1
150000,1,4,175000,54.8,2,1500,2,4500,6200,30000,2
12000,1,3,2e+06,41,2,420,2,700,5800,46500,1
70000,1,3,1400000,17,2,2000,2,1700,3500,62000,2
80000,1,3,1700000,30,2,1000,2,500,5500,20100,1
16800,1,3,2e+06,42,2,250,2,2300,4500,55000,1
6e+05,1,5,1500000,18,2,1000,2,2100,1500,71800,1
116000,1,4,1600000,20,2,4000,2,4000,3000,68000,1
7e+05,1,5,2e+06,38,1,2000,2,1000,5500,72800,1
650000,1,4,1e+06,19,2,100,2,3420,3200,61220,1
120000,1,4,99999995,27,2,300,2,840,7200,36700,1
30000,1,4,1700000,51,2,800,2,2000,2600,60000,1
199000,1,4,1450000,36,2,500,2,2000,3000,64200,1
80000,1,4,850000,37,2,980,2,900,800,50500,1
17000,1,3,1500000,20,2,890,2,2000,4200,50000,1
30000,1,3,1400000,18,1,1500,2,1500,5000,73200,1
70000,2,4,9e+05,33,2,700,2,3500,4000,43000,1
29000,2,5,1100000,31,2,700,2,600,4500,76000,2
22000,2,4,1e+06,27,2,300,2,2000,5700,59000,2
4e+05,2,5,2e+06,103,2,2700,2,4000,5600,50000,1
110000,2,5,7e+05,35,1,15000,2,2700,1400,53593,1
7e+05,2,3,8e+05,50,2,200,2,2000,1000,54000,1
30000,2,3,8e+05,16,2,1250,2,2500,2500,57700,2
130000,2,4,2e+06,130,2,6000,2,1500,2000,70100,1
250000,2,4,1300000,46,2,1500,2,2600,2200,67300,1
3e+05,2,5,1500000,48,2,2500,2,3300,1500,72400,2
850000,4,3,1e+06,48,2,1000,2,300,4750,70000,2
5e+05,2,3,750000,34,2,300,2,2500,2500,45000,1
23200,2,5,8e+05,52,2,500,2,4000,1000,39550,2
1e+05,2,4,9e+05,24,1,1300,2,1700,2500,26000,1
120000,2,4,1400000,43,2,500,2,1100,2500,8000,1
550000,2,3,950000,29,2,400,2,2000,1500,51000,1
4e+05,2,3,650000,20,2,6000,2,1950,1400,32900,1
7e+05,2,3,8e+05,32,2,1500,2,3450,2200,35000,1
16000,2,4,8e+05,16,2,1800,2,2200,1500,15800,1
191000,2,3,1200000,38,1,700,2,15000,2800,60000,1
30000,2,7,1e+06,44,2,500,2,1600,5000,59200,2
2e+05,2,4,2e+06,41,2,1500,2,850,4000,79500,1
4e+05,2,4,2500000,60,2,3000,2,2200,4500,74000,1
6e+05,2,5,1e+06,41,1,300,2,1300,3000,37500,1
150000,2,4,1400000,34,2,500,2,150,1800,20000,2
30000,2,4,2e+06,58,2,400,2,25000,5000,48000,2
42000,4,4,7e+05,45,2,500,2,700,3500,23700,2
8000,2,2,3e+06,55,2,700,2,2800,4500,14000,1
410000,2,5,750000,36,1,1000,2,1800,2000,333000,2
50000,4,4,9e+05,49,2,940,2,1300,100,20430,2
80000,4,3,4e+05,40,2,800,2,300,700,44683,2
8e+05,4,4,1e+06,42,2,900,2,1300,530,63733,2
9000,4,4,7e+05,38,2,3000,2,3600,700,23100,2
188000,1,4,3600000,40,2,3200,2,4800,5000,92853,1
20000,1,2,2e+06,49,2,7000,2,3800,5700,63010,2
5e+06,1,5,3800000,70,2,3500,2,7100,6500,66000,1
4e+05,1,3,2600000,30,2,300,2,5000,3800,60000,1
250000,1,4,2700000,27,1,600,2,9000,4500,88000,1
7e+05,1,2,1600000,18,2,600,2,2000,2500,60000,1
90000,1,3,2800000,28,2,4800,2,8350,4000,70000,1
9e+05,1,3,1600000,18,2,1000,2,3000,3500,50000,1
110000,1,4,4200000,100,2,600,2,5600,1500,145000,2
30000,1,2,3200000,42,2,700,2,1500,4500,40000,1
9e+05,1,4,2500000,42,2,3500,1,1200,3600,40065,1
1500000,1,3,2500000,34,2,1500,2,1500,4000,88500,1
120000,4,3,99999995,45,2,1500,2,200,1500,50000,1
970000,2,4,99999995,40,2,500,2,900,6000,36300,1
30000,4,5,99999995,60.4,2,500,2,200,21700,36000,2
180000,4,4,1200000,17.5,2,3400,2,2200,2500,41500,1
10000,1,5,1e+06,54,2,6500,2,4000,3000,62700,1
4e+05,1,4,2500000,28,2,1563,2,1000,2000,41000,2
5e+05,1,3,1800000,30,2,1300,2,875,27000,35094,1
32000,1,4,1500000,32.8,2,896,2,1400,2986,52000,1
26600,1,5,9e+05,15,2,2400,2,1000,2490,35400,1
5e+05,1,4,1900000,34,2,1000,2,4800,1300,65000,1
5e+05,1,4,2800000,39.9,2,600,2,15000,4000,70000,1
35000,1,2,2e+06,15,2,2500,2,3000,4000,60000,1
660000,1,5,3500000,48,1,4860,2,8000,2980,91600,1
112630,1,4,1800000,38.1,2,1790,2,1620,4960,72357,1
79690,1,5,3e+06,38,1,1986,2,4200,3965,56696,1
550000,1,4,1500000,32,2,1200,2,1000,2800,39000,1
1e+05,1,3,1300000,21,2,500,2,2500,2000,37000,1
595000,1,4,3e+06,42,2,1000,2,7600,2700,65000,1
342000,1,4,3e+06,35,1,8000,2,350,4000,160314,1
1e+05,1,4,450000,28,2,500,2,300,3600,32000,2
70000,1,4,2200000,32,1,1800,2,500,5800,61900,2
2e+05,1,3,8e+05,12,2,3500,2,7000,2300,41000,1
60000,1,4,2500000,28,2,1232,2,600,3266,53400,1
9e+05,1,3,4e+06,46,2,4800,2,5000,4500,65100,1
1275150,1,4,1350000,18,2,2500,2,6550,3500,48000,1
2059200,1,4,3e+06,40,1,1000,2,2000,4500,26000,1
20000,1,2,3e+06,30,2,2040,2,500,6000,30000,1
20000,1,2,1400000,13,2,300,2,250,3500,34164,1
150000,1,3,1850000,34,2,5000,2,7000,3500,32000,1
1733000,1,4,2800000,32,2,2500,2,1300,0,82774,1
1100000,1,5,5e+06,60,2,2000,2,200,2500,385570,1
2e+05,1,3,4500000,38,2,4000,2,4000,3500,1e+05,1
1e+05,1,4,4e+06,56,2,2500,2,6000,5000,70000,1
452000,1,4,1950000,31.2,2,163,2,3200,3640,51000,1
212000,1,4,3e+06,45,2,625,2,1200,5650,55200,1
3e+05,1,5,3200000,38.2,1,5000,2,17000,5000,125000,1
20000,1,4,4800000,57,2,340,2,1200,5200,36000,1
20000,1,3,3600000,48,2,720,2,1700,4600,54000,1
20000,1,5,4100000,58,2,240,2,2000,7480,74000,2
40000,1,3,5e+06,60,2,600,2,2000,4900,55000,1
70000,2,4,2500000,54,2,600,2,1000,6500,47000,1
225000,2,4,2e+06,90,2,1500,2,2100,800,58000,2
50000,2,3,780000,17.5,1,1100,2,1000,4800,67000,2
150000,4,5,5e+05,34.8,2,1500,2,1200,700,48355,1
40000,2,3,1700000,38.5,2,1300,2,1800,4800,53733,1
60000,2,7,1700000,35,1,1000,2,2000,5000,62670,1
35000,2,4,2e+06,41.4,2,150,2,7600,3500,33800,1
2e+05,2,4,1600000,30,2,2600,2,1600,3000,44350,1
18000,2,4,1600000,36,2,300,2,1600,2500,55700,1
4e+05,2,3,2500000,39,2,500,2,500,2200,72380,1
1200000,2,4,2700000,51,2,500,2,3150,1250,133000,1
92000,2,3,1e+06,20,1,1500,2,1300,2600,40360,1
140000,2,6,3500000,70,2,2000,2,3600,10000,77600,1
5e+05,2,3,9e+05,32,2,1240,2,1500,600,65200,1
1e+06,2,4,1600000,35.2,1,3000,2,1600,1700,68900,1
40000,2,4,2e+06,33,2,300,2,2000,1200,39356,2
45000,2,5,1200000,40,2,3600,2,3000,3200,53178,1
2e+05,2,3,1700000,33,2,500,2,1350,3500,22000,1
8e+05,2,4,2500000,44,2,1000,2,4100,2500,67000,1
60000,2,4,1e+06,18,2,500,2,1600,2000,39050,1
7e+05,4,3,1200000,18,2,1500,2,1600,2600,40000,1
15000,2,2,1e+06,18,2,1000,2,1700,2000,15500,1
3e+05,2,6,2e+06,41,2,2000,2,10000,10000,2060852,1
1500000,2,3,3500000,41,1,4000,1,3000,7000,2895000,1
160000,2,4,3e+06,43,2,3000,2,4000,8500,137000,1
2300000,2,6,3800000,41,2,3000,2,4000,10000,285700,1
1900000,2,3,3e+06,41,2,1300,2,1500,10600,187000,2
1500000,2,3,1550000,14.4,2,1500,2,6300,4000,70000,1
3e+06,2,5,3800000,43,2,2000,2,7000,15000,75000,1
1200000,2,5,3500000,42,2,3000,2,1000,7000,55000,1
1500000,2,6,3200000,41,2,1000,2,4000,9303,147800,1
480000,2,5,99999996,41,2,2500,2,3000,6500,82600,1
63000,2,5,2500000,24,1,1000,2,7500,7000,62250,1
1170000,2,4,2300000,37,2,3500,2,38000,6500,149500,2
647000,2,5,3200000,41,2,1100,1,3800,16000,718000,1
4e+05,2,3,2800000,28,2,1000,2,1500,13000,48350,2
7e+05,2,2,2500000,38,2,5000,2,6000,7000,56000,1
150000,2,4,1900000,36,2,3600,2,3500,12000,125000,1
140000,2,3,2500000,28,2,1000,2,1650,6700,105000,1
4e+05,4,4,99999995,20,2,1000,2,2000,600,48000,1
60000,4,4,99999996,34,2,1000,1,4000,8000,43800,2
296000,2,5,2500000,33,2,3000,2,5000,6500,67000,1
4350000,2,6,3e+06,36,2,1000,2,10000,8600,136500,2
1300000,2,4,3600000,41,2,1000,2,1200,10000,60800,1
7e+05,2,5,2e+06,28,2,8000,2,4000,7000,150000,1
5e+05,2,4,3200000,26,2,7000,2,8500,9000,110000,1
1300000,2,4,2600000,26,2,3000,2,6550,6500,106000,2
1e+06,2,3,3e+06,41,2,3000,2,5500,7000,65000,1
3500000,2,3,4e+06,41,2,5000,2,3000,8000,92000,1
1700000,2,4,3e+06,41,2,4000,1,7200,9000,1e+05,1
107000,1,5,5500000,40,2,1000,2,1200,4000,80000,1
3e+05,1,4,5e+06,30,2,600,2,1500,3000,70000,1
45000,4,6,2500000,120,2,1250,2,700,1000,34900,2
4e+05,2,4,4e+06,78,2,1000,2,1000,3000,35000,1
420000,2,3,1500000,43,1,1500,2,1200,1500,76000,1
60000,2,4,1200000,41,1,2000,2,2500,2800,29000,1
3e+05,4,4,6e+05,61,2,1830,2,700,802,34500,1
98000,2,3,1e+06,50,1,1500,2,2100,2700,48500,1
45000,2,2,8e+05,28,1,1000,2,360,2500,25900,1
1e+05,3,5,1500000,22.8,2,200,2,3550,2000,58150,1
18900,4,4,6e+05,80,2,900,2,1492,3000,22300,2
840000,2,2,1e+06,39.1,1,5000,2,1496,2000,67000,2
4e+05,2,5,750000,36,1,1500,2,650,4800,22800,1
10000,1,4,3500000,53,2,2000,2,2580,5260,59235,1
5e+05,1,4,3700000,48,2,3500,2,2250,5200,68000,1
1e+05,1,3,2800000,25.1,2,20000,2,1800,6700,48000,1
511200,1,3,99999995,30,2,15000,2,5000,4000,41800,1
8e+05,1,8,5200000,64,1,6000,2,3100,12000,166743,1
1500000,1,7,2600000,24,2,1500,2,7000,14000,298400,1
60000,1,6,3e+06,51,2,1500,2,500,5200,80600,1
2e+05,1,3,99999996,16,2,1000,2,10980,5000,75000,1
1800000,1,3,3300000,30,2,500,2,6000,4000,80000,1
3e+05,1,4,99999995,49,1,1000,2,1800,6520,31600,1
330000,1,4,99999995,41,2,1500,2,3700,7000,89500,1
4e+05,1,3,7e+05,12,2,1500,2,1160,2000,143000,1
1e+06,1,3,3e+06,30,2,1500,2,2800,3500,46000,2
4e+05,1,6,99999995,48,2,2000,2,5500,8800,67800,1
650000,1,3,2400000,52,1,1500,2,3300,3000,114000,1
1330000,1,3,2400000,46,2,1000,2,4550,4560,61000,1
40000,1,5,2500000,42,2,1900,2,1000,5000,64000,1
193000,1,5,1800000,48,2,2600,2,2200,6400,77400,1
2e+05,1,1,1200000,18,2,800,2,3000,3000,30000,2
1e+06,1,3,2400000,43,2,6500,2,3000,5900,151500,1
3e+05,1,4,5e+06,54,1,800,2,14000,6000,120000,1
1e+05,1,4,4e+06,53,2,9000,2,1600,7500,139000,1
870000,1,4,2500000,42,2,1000,2,4000,3000,80000,1
843264,1,4,3e+06,66,2,1500,2,7073,1357,298500,1
2e+06,1,6,3200000,55,2,1200,2,4000,4500,81000,1
12000,1,4,1300000,18,2,1000,2,4500,2100,60000,1
8e+05,1,3,3e+06,60,1,300,2,1000,3000,42900,1
4e+05,1,4,2300000,46,2,4500,2,2700,4000,73000,1
6e+05,1,4,3e+06,50,2,800,2,5000,5500,68000,1
20000,1,3,1800000,52,2,6000,2,900,6000,70000,1
1e+05,4,4,99999995,39.8,2,2500,2,2200,860,15275,2
150000,4,5,2e+06,44,2,1500,2,900,4000,60400,1
1400000,1,4,5e+06,47.9,2,2000,2,7100,9000,150000,1
2e+05,1,4,2500000,36,2,500,2,4800,3500,70000,1
70000,1,8,3500000,34,2,1600,2,20700,9000,90000,1
3e+05,1,3,1800000,19,2,1100,2,2500,3000,62800,1
3000,3,4,1e+06,30,2,1300,2,2000,2000,45768,1
50000,4,3,1e+06,32,2,1800,2,900,3000,24000,1
570000,4,7,1500000,65,1,7300,2,4000,5000,167000,1
12000,4,7,1e+06,32.9,2,770,2,6000,1800,98800,1
80000,4,8,1200000,27,2,1500,2,1100,2500,72000,1
40000,4,6,3e+06,38.7,2,1400,2,400,5000,97000,2
40000,4,4,7e+05,40,2,700,2,1350,2100,49600,2
10000,4,5,2e+06,94,2,1370,2,800,3000,55200,1
150000,4,3,2500000,100,2,1500,2,1800,1500,51000,2
250000,4,3,8e+05,32.2,2,1500,2,1000,3000,52000,2
15000,4,3,1600000,40.2,2,2000,2,200,5000,55000,2
1500000,4,6,2500000,40,2,3000,2,1500,1800,64700,1
4000,4,3,6e+05,24.8,2,260,2,200,1500,22000,2
45000,4,5,1e+06,45.5,2,700,2,2000,3500,63800,1
180000,4,3,1500000,78,2,1000,2,900,2200,34000,1
3e+05,4,3,8e+05,58.5,2,4500,2,1700,2000,30000,1
250000,4,6,4e+05,35.3,2,2500,2,2300,1800,60000,1
60000,4,4,2500000,48.2,2,4000,2,300,5000,64000,2
12000,4,11,2500000,55,2,5000,2,2000,4000,101200,1
220000,4,8,2e+06,64,2,5000,2,1300,3000,176660,2
5e+05,4,8,1e+06,36,2,5500,2,3200,3000,59700,1
40000,4,9,1e+06,50,2,4000,2,2000,3300,85800,2
12000,4,8,2500000,92,1,1500,2,2640,3000,107000,1
2e+05,1,4,1700000,33,2,4500,2,1900,3500,34900,1
17600,1,2,1500000,30,2,200,2,500,3500,36000,1
9e+05,1,3,1800000,14,2,1500,2,800,3200,48000,1
250000,1,5,2e+06,32.5,2,2000,2,1000,4000,1e+05,1
80000,1,3,1300000,29,1,1200,2,3000,6000,58000,1
30000,1,4,2500000,28,2,4000,2,2000,5000,67000,1
5e+05,1,5,2e+06,17,2,5000,2,1600,3700,89500,2
130000,2,3,2800000,60,2,2000,2,1415,5000,79000,1
1100000,2,4,3500000,47,1,1100,2,7000,5000,83300,1
1e+06,2,4,5e+06,50,2,3000,2,2000,10000,140000,1
120000,2,4,4e+06,60,2,1000,2,3200,2500,81000,2
150000,2,5,2e+06,35,2,700,2,1200,1500,73900,2
2e+06,2,6,3e+06,42,2,300,2,200,2000,69000,2
1e+05,2,1,1500000,36,2,3000,2,1000,3400,32700,2
16000,1,2,6e+06,23.5,2,700,2,2000,5500,66000,2
2400000,1,3,8e+06,36,2,5000,2,2500,6000,72000,1
3e+05,1,3,99999996,42,2,500,2,9300,4250,80000,1
631000,1,4,9e+06,38.6,2,480,2,8500,6300,78550,1
210000,1,3,2500000,12,2,1500,2,1000,2000,75600,1
120000,1,3,8e+06,52,2,3150,2,4000,8000,89000,1
2e+05,1,4,2500000,32,2,3000,2,10000,4000,1e+05,1
650000,1,4,99999995,20.8,2,4000,2,3825,3200,96600,1
1200000,1,2,6e+06,33,2,2000,2,1000,6500,85000,1
30000,1,6,8e+06,28.5,2,30000,2,20000,7500,277000,1
350000,1,5,8e+06,39,2,2100,2,10000,7000,202200,1
5e+05,1,4,1.1e+07,40,2,1000,2,10000,7000,65400,1
2500000,1,6,8e+06,27.4,2,11000,2,17000,10000,331000,1
405000,1,6,1.2e+07,44,1,2590,2,1500,8000,93500,1
3200000,1,3,6400000,34.4,2,500,2,5000,5000,92000,2
150000,1,4,8e+06,45,1,1000,2,20000,5000,140000,1
150000,1,4,1.3e+07,15,2,5000,2,20500,5000,167000,1
1500000,1,4,2500000,27,1,250,2,3500,2420,75000,1
7e+05,1,7,5e+06,32,1,1500,2,1940,8000,256000,1
3e+05,1,4,4e+06,25,2,2500,2,800,3700,88422,2
1e+05,1,10,4500000,50,1,3000,2,1900,7000,124500,1
2e+06,1,3,5e+06,36,1,5000,2,1200,4550,150050,1
5e+05,1,3,1e+06,18,2,600,2,2000,3000,61000,1
380000,1,4,2e+06,20,2,1000,2,650,4490,85000,1
570000,1,4,1e+07,37,2,8000,2,18000,7958,176750,1
260000,3,5,2500000,31,1,6000,2,4300,5000,82000,1
350000,2,5,99999996,32.6,2,300,2,3500,10000,71000,1
280000,4,2,1700000,18,2,3000,2,2400,2500,51000,1
10000,4,5,4e+06,33.4,2,2000,2,13500,7000,167000,1
90000,2,2,2e+06,29,2,4000,2,2400,5000,56800,1
45000,2,4,5e+06,56,2,200,2,10000,7000,145000,1
10000,2,3,3500000,37.5,2,5000,2,5400,9800,72400,2
5e+06,4,4,3500000,27,2,4000,2,3500,4000,141000,1
650000,4,3,1600000,36,1,8000,2,5000,4500,76000,1
8000,3,4,5e+06,33,2,650,2,4000,5500,57300,1
1e+05,2,4,4500000,27,1,4000,2,30000,5000,151600,1
2000,2,6,8e+06,58,1,3000,2,6000,12500,112000,1
10500,4,5,2500000,27,2,2000,2,7100,3500,98000,1
70000,4,4,2700000,30,2,1800,2,1100,6000,63000,2
2e+06,2,4,5e+06,19,2,1000,2,100,2500,142000,1
41000,2,3,1700000,27,2,1500,2,6500,3600,48000,1
7e+05,2,4,2e+06,18,2,150,2,3000,1500,69800,1
1630000,2,4,6e+06,90,2,5000,2,1000,7000,102000,1
260000,3,4,3500000,49,2,1300,2,2500,5200,84700,1
2300000,3,6,3800000,36,2,1200,2,6300,3880,65500,1
3e+05,3,5,1500000,30,2,1100,2,2950,2500,50000,1
3300,2,4,1100000,11.5,2,950,2,2600,5000,35000,2
425000,2,4,6e+06,100,2,4000,2,2000,3000,92000,1
9000,2,3,2e+06,20,2,200,2,5000,2000,44700,1
15000,2,4,1200000,18,2,650,2,3700,2500,47800,1
40000,2,5,1200000,35.4,2,1500,2,4700,1000,31640,2
20000,2,3,1500000,28,1,4000,2,5000,4000,60000,1
410000,2,5,4e+06,42,2,3000,2,4400,5000,65000,1
4e+05,2,2,2500000,16,1,2800,2,1000,3200,104400,1
13000,2,4,4e+06,17.5,1,2500,2,5500,5000,90000,1
10000,2,2,3800000,16,2,4000,2,5000,5000,68000,1
4296000,2,4,6e+06,34,2,5000,2,1000,7000,105000,1
3e+05,4,5,2e+06,13.1,2,3000,2,4500,5000,81640,1
283500,4,4,2500000,30,1,1000,2,1000,5500,84400,1
30000,4,5,1200000,32,2,5000,2,1150,7000,71930,1
1e+05,4,6,4e+05,34,2,5000,2,2000,250,57000,2
9e+05,4,4,2100000,47,2,2000,2,3500,6000,69000,1
20000,2,3,2e+06,29,2,300,2,100,3000,21000,2
150000,2,4,2e+06,28.4,2,3000,2,700,5000,41000,1
573200,2,4,1500000,27,2,1600,2,3260,3500,34500,1
270000,2,4,1700000,38.4,1,830,2,560,5000,42000,1
1062000,2,4,1900000,29,2,1500,2,800,4000,77000,1
160000,4,4,1700000,24,1,4000,2,1400,2300,31000,1
8e+05,2,4,2500000,38.4,2,2000,2,2200,5000,92000,1
720000,2,4,2e+06,28.8,1,2500,2,5850,3500,43000,1
4e+05,2,2,99999995,28,2,500,2,1700,2500,32000,1
109000,2,3,1200000,38,2,4000,2,4100,1050,32000,2
1300000,2,4,2e+06,47.5,1,1500,2,10000,3000,87300,1
13500,4,5,1200000,24.6,2,1000,2,1800,5000,47000,1
7e+05,2,4,1200000,35.2,2,3000,2,2530,5000,75000,1
90000,4,4,1200000,26.8,2,1500,2,2600,4000,60000,1
1300000,2,4,1500000,39.2,2,7000,2,6500,3500,75700,1
1700000,4,4,2e+06,22,2,2000,2,3300,4000,44600,1
740000,2,4,1200000,21,2,2500,2,5000,3500,83500,1
3e+05,4,4,1200000,16,2,1500,2,2100,2500,54000,1
1200000,2,9,1200000,36,2,2000,2,4000,8000,75390,1
140000,2,3,1500000,32,2,1500,2,500,2000,38000,1
70000,2,4,850000,34.8,1,450,2,750,3500,51500,1
5000,2,3,8e+05,41,2,7000,2,1300,4000,54000,1
1e+05,2,3,8e+05,30,2,240,2,1200,3500,54170,1
50000,2,3,6e+05,28.4,2,200,2,500,2000,65000,1
230000,2,4,8e+05,43.9,2,800,2,1000,7000,76700,1
2e+05,2,4,6e+05,20,2,1000,1,2700,2000,30000,1
7000,2,4,1e+06,40,2,500,2,1700,8000,61300,1
144000,4,5,7e+05,54,2,2000,2,750,2000,39865,1
35000,4,7,6e+05,48,2,1000,2,150,1350,19800,2
130000,4,4,650000,54,2,700,2,1500,1000,33634,1
3e+05,3,4,2200000,72,2,750,1,150,1500,46100,1
17000,4,5,4e+05,36,2,6100,2,1500,3000,14283,1
50000,1,4,99999995,32,2,3500,2,2650,2800,109020,1
1900000,1,5,4e+06,34,2,1800,2,7700,3200,76436,2
306000,1,7,99999995,18,2,1500,2,10000,3200,59149,1
350000,1,3,3e+06,48,2,1500,2,300,2900,60581,1
1700000,1,4,2500000,29,2,300,2,3200,4000,70000,1
1463000,1,4,2700000,11,2,300,2,500,3200,60450,1
7e+05,1,4,99999995,42,2,1500,2,9736,3100,93118,1
1300000,1,4,3500000,50,1,1500,2,6000,5000,80000,1
250000,1,4,1600000,19,2,200,2,6200,4700,45000,1
150000,1,3,99999995,32,2,1000,2,3600,2300,74000,1
5e+05,1,5,99999995,32,2,2000,2,3600,3100,94486,1
138000,1,4,2e+06,67,2,2000,2,2300,7500,50200,1
2e+05,1,3,1700000,28.3,1,3000,2,2400,4000,60000,1
408000,1,4,9e+05,26,2,800,2,1500,3000,47700,1
9000,1,3,2500000,41,2,700,2,1000,5000,48000,1
1e+05,1,4,1600000,29,2,200,2,500,5000,37538,1
1150000,1,5,2300000,40,2,1350,2,4000,2900,88631,1
168000,1,3,2e+06,39.8,2,800,2,3000,2600,120000,1
150000,1,2,1300000,20,2,580,2,2000,3000,40000,1
50000,1,4,850000,37,2,5000,2,2100,800,60000,1
6800,1,3,1400000,18,1,200,2,1800,5000,71000,1
1860000,1,4,2e+06,38,2,4500,2,4200,4200,55000,1
20000,2,3,1e+06,34,2,1700,2,2000,5500,72000,1
3e+05,2,4,1750000,42,2,600,2,3000,3800,45000,1
9000,2,4,1200000,45,2,800,2,2000,5500,65700,2
7e+05,2,2,1100000,33,2,300,2,2000,5600,50000,1
3e+05,2,3,9e+05,27,2,3000,2,7500,3000,97000,1
14000,2,5,1200000,40,2,2000,2,1900,2500,58000,2
180000,2,4,1800000,32,2,1500,2,4500,2000,55000,1
3e+05,2,4,2e+06,39,2,1200,2,1500,2000,39900,2
70000,2,3,7e+05,17,2,5000,2,5000,2100,28900,1
130000,2,5,1800000,48,2,600,2,2200,1500,87380,1
293000,2,3,1100000,45,2,700,2,1500,2000,34680,1
110000,4,6,1500000,59.6,2,3000,2,1250,3000,52080,1
22000,2,4,6e+05,16,2,1000,2,2000,1250,21300,1
240000,2,3,1e+06,38,1,1500,2,9000,2500,90000,1
3e+05,2,4,2e+06,42,1,1500,2,1200,3800,95000,1
1e+05,4,4,1500000,46,2,500,2,5000,1500,61885,2
8200,4,6,850000,53,2,200,2,1200,2000,27000,2
40000,4,5,6e+05,45,2,500,2,1000,2500,52100,2
70000,4,2,8e+05,42,2,1100,2,200,1000,37200,2
1e+06,4,3,2e+06,42,2,3000,2,4200,4000,70000,1
5e+05,2,5,750000,36,1,2000,2,3000,3000,39000,2
2e+05,4,7,7e+05,35.5,2,2000,2,1300,2000,57000,2
50000,4,3,9e+05,30,2,360,2,300,9000,35379,2
30000,4,4,1e+06,42,2,2900,2,1200,1500,48550,2
215000,4,5,1e+06,95,2,2000,2,1350,1200,64350,2
50000,4,4,350000,38.1,2,300,2,1500,1500,9200,2
35000,4,4,3e+05,16,2,1500,2,1200,700,73894,2
60000,4,4,450000,44,2,700,2,380,1100,20200,2
570000,1,4,2500000,18,2,600,2,16200,3500,50000,1
4e+05,1,5,4200000,60,2,2000,2,6000,4700,55300,1
3e+05,1,3,2300000,30,2,1022,2,3200,6000,18000,1
1300000,1,2,1800000,18,2,300,2,10000,2800,65000,2
5e+06,1,4,3e+06,40,1,2100,2,6000,6000,139000,1
190000,1,4,3600000,36,2,180,2,2000,4200,55000,1
130000,1,3,3200000,28,1,1200,2,8350,4500,85000,1
25000,1,4,3e+06,43,2,8000,2,5500,6700,69700,1
1530000,1,3,2200000,30,1,4000,2,10000,3700,104000,1
1100000,1,3,1050000,14,2,1500,2,6500,3000,87000,1
2e+06,1,6,2700000,25,2,4000,2,2500,7600,60000,1
8e+05,1,4,2600000,40,2,2000,2,10200,4000,58600,1
70000,1,4,2500000,25,2,5000,2,3400,49000,160000,1
120000,1,3,2300000,36,2,1300,2,1700,8000,42000,1
1800000,1,3,2300000,30,2,5000,2,2000,4000,97000,1
7e+05,1,3,4500000,56,2,4200,2,7000,5000,87000,1
40000,2,4,1500000,57,2,500,2,2000,7000,58000,1
4e+05,1,4,1e+06,100,2,180,2,400,700,30800,1
740000,1,6,1e+06,56,2,2000,2,2500,2500,66580,1
8e+05,1,4,1500000,28,2,3500,2,4000,1500,59800,2
150000,1,4,1500000,28,1,4500,2,7000,5000,40000,1
1050000,1,4,2700000,41,2,2000,2,7000,2900,80000,1
51930,1,3,7e+05,10,2,499,2,2100,2960,57630,1
5e+05,1,4,99999996,40,2,500,2,5000,3000,55000,1
5e+05,1,4,2e+06,39.9,2,1200,2,9000,4500,65000,1
9e+05,1,4,1300000,32,2,800,2,1200,3000,28000,1
1500000,1,3,2200000,40.3,2,3000,2,7150,3720,87000,1
30504,1,3,8e+05,32,2,70,2,200,2600,55810,1
250000,1,3,1e+06,20,2,150,2,3750,1800,38000,1
9e+05,1,3,1400000,24,1,3000,2,1500,3500,36450,1
20000,1,3,2800000,38,2,1600,2,1500,4000,69164,1
560000,1,4,3e+06,40,2,2000,2,6500,3200,86000,1
225000,1,4,5e+06,24,2,1500,2,2300,1800,89399,1
5e+05,1,4,1800000,24.5,2,3000,2,700,5000,65000,1
2e+06,1,4,2800000,35,1,2000,2,500,6200,207320,1
130000,1,5,1500000,28,2,2500,2,1750,5700,78330,1
1500000,1,5,3800000,40,1,200,2,3800,5800,113058,1
186000,1,3,8e+05,12,2,5000,2,7000,2000,60000,1
608000,1,4,1900000,18,2,1500,2,3550,4200,60300,1
10000,1,4,3500000,60,2,6000,2,1300,6500,160200,1
47000,1,4,3e+06,36,2,600,2,400,2800,34500,1
2e+05,1,3,6e+06,38,1,240,2,2000,4000,90000,1
480000,1,4,4e+06,60,1,2000,2,8000,8000,75000,1
260000,1,3,1805000,18.7,1,700,2,2300,3500,55297,1
1900000,1,4,4200000,40,2,600,2,6000,3000,150500,1
374000,1,4,1850000,31.2,2,340,2,3200,3150,42500,1
30000,1,5,4500000,56,2,740,2,800,5800,1e+05,1
750000,1,6,5200000,56,2,1700,2,1800,6000,121600,1
69000,2,5,2e+06,50,2,3400,2,1850,7000,62650,1
350000,2,4,2e+06,90,2,500,2,2800,3000,67000,2
4e+05,2,4,1e+06,35,2,3000,2,1500,3700,40536,1
140000,4,3,1e+06,37.8,2,700,2,1430,6500,40600,2
5e+05,2,3,9e+05,30,2,1000,2,1500,5000,115000,1
15000,2,5,1300000,24,2,200,2,500,3200,27000,1
12000,2,3,1700000,38.5,2,1500,2,3250,4200,40565,1
50000,2,7,1800000,37,2,1000,2,2000,3200,77000,1
2e+06,2,4,3e+06,57,2,400,2,15000,3000,103500,1
29500,2,3,1200000,25,2,700,2,1600,2000,37678,1
90000,2,3,1e+06,38,1,1200,2,1600,500,32100,1
490000,2,4,9e+05,30,2,4000,2,3200,3800,40000,1
1e+05,2,5,1800000,38,2,5000,2,2000,4000,54800,1
80000,2,3,2e+06,38.2,2,1500,2,500,2500,120000,1
1e+05,2,5,2e+06,43,1,700,2,10000,2600,61600,1
1500000,2,4,2700000,53,2,4000,2,800,5000,40000,1
1300000,2,4,3e+06,51,2,1000,2,2700,350,104580,1
1000063,2,4,1500000,35.2,2,1000,2,1600,700,48600,1
50000,2,4,2e+06,33,2,400,2,1500,2000,46354,2
10000,2,3,1200000,30,2,1500,2,1200,3700,33000,1
250000,2,5,1700000,36,2,2000,2,2300,3800,47240,1
1981250,2,4,2300000,44,2,1000,2,6100,4000,77000,1
13000,2,5,2300000,36,2,700,2,1400,16000,70600,1
50000,2,5,2500000,28,2,800,2,5000,6900,105000,1
50000,2,7,3e+06,43,2,5000,2,6300,10000,43000,1
80000,2,4,2700000,41,2,1500,2,500,8000,148000,1
1e+06,2,4,2800000,43,1,5000,2,8000,10000,231340,1
1900000,2,4,2200000,28,2,2000,2,8400,11000,85000,1
160000,2,5,3500000,35,2,3000,2,5000,7300,90000,1
1500000,2,6,3e+06,41,2,1000,2,6600,11000,148800,1
1100000,2,4,2400000,30,2,1500,2,15000,8000,150100,1
1e+06,2,4,2e+06,26,2,1000,2,4800,9300,165000,1
3e+06,2,4,1500000,16,1,1500,1,3300,6300,50000,1
4e+05,2,3,2400000,28.6,2,1500,2,1700,7000,105000,1
70000,2,4,2800000,28,2,1500,2,6500,8000,52000,1
4e+06,2,4,3500000,41,2,3000,2,250,10000,99000,1
450000,2,4,3e+06,41.5,2,1500,2,3500,8000,52000,2
20000,1,4,3e+06,18,2,300,2,3000,2500,67500,2
126000,1,5,99999995,29,2,5000,2,2300,3500,159400,1
8e+05,1,6,99999995,48.6,2,8000,2,1000,6500,80500,1
37000,4,6,2500000,96,2,300,2,700,1500,33600,2
2e+05,2,3,1700000,43,1,3000,2,10000,1500,50000,1
380000,3,4,1e+06,22.8,2,500,2,300,3000,30200,1
1100000,4,3,99999996,30,2,200,2,500,3500,55000,1
50000,3,4,5e+05,37,2,1500,2,2000,2800,18000,1
3e+05,2,5,8e+05,36,1,1000,2,1500,6500,40600,1
52000,2,3,1300000,42,1,500,2,2000,2900,66500,1
4e+05,1,3,2800000,36,1,5000,2,4000,5000,61000,1
3e+05,1,4,3500000,44,2,713,2,3725,5160,83600,1
8e+05,1,4,4200000,68,1,320,2,4300,3200,57000,1
550000,1,4,3700000,48,2,500,2,2000,5000,75600,1
476000,1,4,2500000,30,2,1100,2,4000,5000,66000,1
20000,1,5,3200000,28,2,2000,2,3000,36000,80000,1
1200000,1,8,3600000,67,2,20000,2,6000,7800,245130,1
720000,1,6,2800000,39,2,300,2,5500,7153,102247,1
1700000,1,3,4e+06,58,2,4000,2,3000,4000,107000,1
140000,1,3,6e+05,13,2,3000,2,400,3000,140000,1
210000,1,6,99999995,48,2,7000,2,13000,8000,71890,1
21000,1,4,8e+05,30,2,2000,2,3500,7000,108000,2
8e+05,1,4,2400000,46,2,600,2,7000,7000,40000,1
5e+05,1,3,2100000,52,2,800,2,2000,3000,113000,1
1450000,1,3,2300000,46,2,1500,2,3240,3660,83000,1
2e+05,1,5,2e+06,48,2,1500,2,1900,6000,65600,1
2e+05,1,2,4e+06,48,2,1500,2,7000,4000,50000,1
2000,1,1,1500000,17,1,350,2,2000,4000,40000,2
3e+05,1,3,2400000,43,2,5000,2,1600,6000,95000,1
40000,1,4,4200000,54,2,600,2,3000,5000,120000,1
160000,1,4,4e+06,63,2,1500,2,19000,8000,90000,1
4e+05,1,4,2700000,41,2,2000,2,4000,6000,87000,1
1500000,1,6,2500000,65,2,2000,2,6000,5000,115000,1
70000,1,3,2200000,31,2,1000,2,1800,3400,70000,1
250000,1,4,1800000,30,2,400,2,5000,3000,75000,1
295000,1,4,2700000,46,2,1000,2,3200,6100,58600,1
2e+05,4,4,8e+05,26.9,2,1000,2,200,3000,27290,1
450000,4,5,5500000,220,2,3000,2,1000,3600,72068,2
250000,1,6,3500000,35,2,1200,2,8000,10000,72700,2
8e+05,1,3,3e+06,37,1,300,2,4200,6000,113000,1
35000,1,7,3e+06,43,1,5000,2,7500,6500,75000,1
7e+05,1,4,1200000,20.5,2,100,2,3500,3000,55000,1
2e+05,3,4,1e+06,30,2,800,2,1400,1800,47400,2
26000,4,3,1e+06,32,2,1000,2,500,3200,28000,1
1400000,4,8,3e+06,96.7,2,5000,2,2400,3000,182400,2
1500000,4,7,3e+06,57.2,1,4000,2,1000,3000,365019,1
230000,4,7,3500000,42,2,4000,2,5500,5000,119800,1
8000,4,3,3e+06,100,2,700,2,1000,1000,47500,1
40000,4,9,2500000,43.4,2,1800,2,1700,4200,137000,1
20000,4,4,1200000,69,2,850,2,800,4800,56000,1
1e+06,4,10,1200000,66.9,2,1800,2,600,3000,143000,1
20000,4,5,1e+06,45.5,2,1500,2,1600,3700,66100,1
150000,4,4,8e+05,29.4,2,150,2,2220,2000,104000,1
2e+05,4,7,1500000,55,2,1000,2,2100,3700,116200,1
250000,4,3,6e+05,50.8,2,5000,2,1000,2000,40000,2
4e+05,4,5,1e+06,35.3,2,2000,2,1800,2000,74800,2
50000,4,4,2e+06,48.2,2,4000,2,800,5000,72000,1
3e+05,4,6,1500000,69.7,2,700,2,1300,2000,113100,2
50000,4,8,1500000,36,2,3000,2,3000,5000,69100,1
60000,4,10,1500000,50,2,1000,2,1600,3800,80800,1
180000,4,4,1500000,28.8,1,500,2,1000,1800,53100,2
107000,4,7,2e+06,92,1,500,2,2640,3000,335000,1
1e+05,1,4,2e+06,28,2,1000,2,3000,7000,80000,1
60000,1,3,1500000,32,2,400,2,1500,2000,29000,1
32000,1,4,1500000,30,1,600,2,6100,3800,42660,1
50000,1,4,1700000,33,2,700,2,3300,3600,31900,1
45600,1,2,1800000,30,2,160,2,4500,3500,38000,1
1500000,1,4,2250000,30,1,2500,2,4800,6000,1e+05,2
850000,1,3,1500000,21,1,200,2,3200,6200,66100,1
170000,1,5,2300000,37.2,1,1000,2,3000,5300,80000,1
5e+05,1,3,1700000,20,2,500,2,2000,3800,50000,1
1e+05,2,9,5e+06,45,2,5000,2,2500,4000,1e+05,1
4e+05,2,3,2800000,60,2,2000,2,2500,3500,64000,1
1e+06,2,4,5e+06,50,1,1000,2,13500,4000,110000,1
5e+05,1,4,5500000,19.7,2,1000,2,4000,5900,115000,1
1e+06,1,5,3e+06,36,2,2000,2,10000,8000,115500,2
60000,1,2,6500000,18.6,2,1300,2,2800,4400,74600,1
560000,1,4,9e+06,38.6,2,1360,2,19300,6150,109500,1
1e+06,1,3,2500000,12,1,1000,2,6000,1700,485700,1
2500000,1,4,7e+06,38,2,90,2,2500,8500,306000,1
1100000,1,2,4500000,30,2,3000,2,15000,6000,75000,1
20000,1,7,1e+07,28.5,2,2500,2,13000,7000,211000,1
6e+05,1,5,4500000,41,2,2000,2,5000,11000,167495,1
2e+06,1,6,8e+06,27.4,2,5000,2,20000,6800,234500,1
20000,1,3,7e+06,37,2,3000,2,3500,5000,136500,1
2e+06,1,4,9e+06,38,2,500,2,3500,8500,550000,1
30000,1,6,99999995,43,2,1500,2,1800,4357,107000,1
850000,1,5,1.5e+07,38,1,10000,2,25000,10000,167500,1
2e+05,1,4,7e+06,45,1,1000,2,10000,6000,140000,1
6e+05,1,4,1.2e+07,16,2,3000,2,20000,4600,91000,1
50000,1,4,3500000,28,2,500,2,2600,5939,80000,1
450000,1,2,5e+06,35,2,2000,2,5600,3300,170000,1
310000,1,4,4e+06,26,2,3000,2,6400,3489,61400,2
1500000,1,3,5e+06,36,1,2500,2,3300,6800,2e+05,1
65000,3,5,2700000,27,2,1700,2,1800,4000,88800,1
2520000,2,3,4e+06,27,1,8000,2,5500,5000,114600,1
530000,2,4,5e+06,37,2,2060,2,8897,12000,70000,1
1800000,2,4,4500000,35,2,500,2,2500,6300,123000,1
47000,2,3,1.1e+07,37,2,550,2,2000,6000,151000,1
4e+05,4,3,3200000,25,1,2000,2,1880,4600,186000,1
1250000,4,8,8e+06,80,2,300,2,16000,7000,364800,1
16000,2,3,3500000,37,2,10000,2,500,8500,82000,1
14000,4,4,3e+06,38,2,4200,2,5660,7000,22700,1
4e+05,4,5,2500000,20,2,300,2,5000,4000,75000,1
20000,3,4,4500000,28,2,1000,2,6000,6000,51000,1
1900000,3,3,3800000,60,2,2000,2,3000,3000,62000,1
1500000,2,5,2800000,38.2,2,3000,2,4400,6000,89800,1
45000,4,4,2500000,36,2,400,2,2000,6000,111000,1
2e+06,2,4,5800000,29,2,1500,2,4000,4000,78900,1
2800000,4,4,6500000,41.5,2,4000,2,3100,6000,95000,1
7e+05,2,4,1900000,18,2,500,2,4000,2500,107700,1
460000,3,6,3400000,49,2,1300,2,3400,6800,108500,1
270000,3,4,2900000,49,2,55,2,2000,6200,80000,1
1500000,3,6,1900000,36,2,870,2,2500,4300,69400,1
4e+05,3,5,2e+06,32,2,1500,2,4000,3000,58000,1
1500000,2,5,8e+06,90,2,1000,2,1000,2000,250500,1
1500000,3,4,1700000,49,2,620,1,2800,4800,250000,1
20000,2,5,1e+06,36,2,800,2,7000,1300,116600,2
3e+06,2,3,2e+06,24,2,200,2,2367,4000,54318,1
1e+05,1,4,2e+07,60.4,1,3000,2,6000,13000,317000,1
7e+05,1,4,3e+06,29,2,1000,2,6000,10500,105000,1
5e+05,2,5,6e+06,42,2,1500,2,5500,5000,75000,1
3e+05,2,2,3800000,16,2,2000,2,10000,5500,58000,1
5e+06,2,4,6e+06,34,1,3000,2,2200,6500,198000,2
8e+05,4,5,3e+06,13.1,2,4000,2,8900,4400,118100,1
370000,4,9,3e+06,26.5,2,2000,2,300,7800,174500,1
730000,4,3,1500000,32,2,2000,2,1800,7000,75000,1
150000,4,4,1200000,35,2,1000,2,700,8000,82000,1
8e+05,4,3,2500000,32,2,1520,2,250,6000,60000,1
150000,4,4,2e+06,47,2,3000,2,2000,6500,104500,1
2e+05,4,3,1150000,32,2,450,2,300,4350,20000,1
9e+05,4,4,2500000,47,2,2500,2,2000,6500,84000,2
20000,2,3,1600000,29,2,250,2,500,3500,17700,2
1500000,2,4,1800000,49,2,4000,2,4000,5000,68000,1
1202400,2,3,1600000,27,2,2070,2,1620,4500,110000,1
1e+05,2,3,1700000,35,2,800,2,2000,4500,38000,1
9e+05,2,4,99999995,29,2,1200,2,800,10000,83000,1
10000,4,4,1200000,16,2,1000,2,2800,2000,30000,1
350000,2,3,1500000,30,2,300,2,1840,3500,42000,2
1030000,2,4,2e+06,38.4,2,450,1,1950,5500,91000,1
740000,2,4,1600000,28.8,1,2000,2,3950,4300,70000,1
4e+05,2,2,1e+06,24,2,1500,2,900,3800,29000,1
2e+05,2,4,2500000,40,2,1500,2,10000,5000,88500,1
2e+05,2,4,1250000,25,2,2000,2,400,3500,36000,1
60000,2,3,1500000,38,2,1000,2,3900,1500,37500,2
1300000,2,4,2e+06,47.5,2,500,2,2500,3800,55500,1
40000,2,4,1800000,41,2,500,2,2400,2700,29500,1
1200000,2,7,1300000,69,2,500,2,1200,7000,95000,1
130000,2,2,1500000,28,2,500,2,1750,4000,25000,1
10000,2,3,1300000,23,2,500,2,2100,4000,30500,1
340000,4,5,1700000,48,2,3000,2,900,3500,55000,1
5e+05,2,3,1500000,30.4,2,1000,2,3000,3000,46000,1
3e+05,4,4,1200000,26.8,2,500,2,7800,2000,90000,1
770000,2,4,1500000,39.2,2,500,2,5600,2800,97500,1
160000,2,5,1e+06,24.2,2,100,2,2000,2100,55323,1
1500000,4,4,2e+06,22,2,1000,2,5200,3000,55000,1
760000,2,4,1200000,21,2,2500,2,5900,3000,73000,1
270000,4,4,1200000,16,2,1800,2,2300,2500,50000,1
1300000,2,10,1200000,36,2,2500,2,6000,500,101558,1
4e+05,2,4,1800000,48,2,150,2,3700,4000,76000,2
20000,4,4,1500000,60,2,300,2,4000,2500,52000,1
150000,2,3,1500000,32,2,1000,2,1000,2400,40000,1
117000,2,4,1e+06,30,2,200,2,4000,1700,49955,1
3e+05,4,4,7e+05,73,2,500,2,1200,2500,60000,1
60000,2,4,650000,25,2,900,2,900,5000,38000,2
220000,3,6,1e+06,59.6,2,600,2,2500,1600,83332,1
80000,4,5,8e+05,54,2,2000,2,900,2500,33165,1
23000,4,7,5e+05,48,2,8000,2,450,4000,64500,2
1e+05,4,4,6e+05,54,2,380,2,1600,1500,36634,1
240000,3,4,2e+06,72,2,600,2,2150,1500,50200,1
380000,3,4,1e+06,37,2,5000,2,2000,2500,37900,1
45000,1,4,3400000,32,2,1500,2,3100,2700,107257,1
3e+05,1,4,99999995,92,2,250,2,2500,3100,88000,1
1500000,1,5,4e+06,34,2,3800,2,4800,3500,85306,2
1200000,1,4,4e+06,35,2,1500,2,2000,4800,71000,1
1080000,1,3,3200000,32.1,2,2000,2,100,3000,65086,1
40000,1,7,99999995,38,2,3500,2,700,3660,106491,1
120000,1,5,2e+06,19,1,200,2,300,2500,40000,1
590000,1,4,3500000,29,1,2000,2,4400,6000,1e+05,1
160000,1,4,2300000,19,2,300,2,1500,2000,63000,1
2840000,1,4,3200000,36,1,2000,2,13390,3000,92000,1
980000,1,4,2300000,38,2,200,2,1500,3300,63300,2
1300000,1,7,99999995,28,2,1700,2,2000,3500,182712,1
229000,1,4,3200000,19,1,3200,2,2500,2400,55300,1
2336400,1,4,2800000,30,1,1200,2,2500,3600,54400,1
5e+05,1,5,2700000,17,2,1200,2,4310,3000,67000,1
160000,1,5,3e+06,30,2,500,2,6800,3180,78997,1
1e+05,1,7,3e+06,62,2,1150,2,3750,7700,69850,1
14000,1,3,1450000,58,2,1500,2,1490,2900,61000,2
90000,1,4,1800000,42,1,600,2,3000,5000,64000,1
323000,1,4,7e+05,26,2,400,2,1800,4000,42000,1
8800,1,3,1800000,41,2,400,2,1500,5500,50100,1
250000,1,4,1600000,32,2,400,2,500,5000,46559,1
1460000,1,5,2500000,40,1,3000,2,1500,2300,96413,1
450000,1,6,1800000,18,2,800,2,2100,2900,60000,1
6900,1,4,2e+06,41,2,2500,2,400,6500,96300,1
9e+05,1,4,1850000,51,2,1500,2,4760,3800,70000,1
1200000,1,4,1450000,36,2,600,2,2100,2300,67950,1
83600,1,3,1700000,25,2,2000,2,2100,2500,42500,2
10000,1,4,1500000,37,2,2400,2,2000,1400,95384,1
1848000,1,4,2500000,38,2,2000,2,6500,6000,56000,1
24000,2,3,1e+06,34,2,1300,2,5000,6000,87000,1
20000,2,4,6e+05,19,2,700,2,2000,4000,48000,2
240000,2,3,1e+06,35,2,500,2,2900,2500,28500,1
350000,2,3,3e+06,100,2,5000,2,10000,3000,70000,1
3e+05,2,5,1500000,35,2,2000,2,2500,3000,56000,1
105000,2,4,99999995,32,2,1000,2,4500,2000,70000,1
2500000,2,7,2e+06,37,2,3500,2,2000,3500,236170,1
180000,2,4,1700000,54,2,340,2,4700,1300,44300,1
330000,2,4,1e+06,50,2,950,2,2000,2500,51300,1
180000,2,5,2e+06,48,2,900,2,1950,1500,102500,1
270000,2,3,1500000,39,2,1500,2,800,2000,45700,1
370000,2,4,1500000,30,2,1200,2,2700,2500,25000,2
360000,2,4,8e+05,24,2,800,2,3350,1500,59400,1
560000,2,3,9e+05,29,2,1100,2,1000,1500,69400,1
2e+05,2,4,1800000,44,2,2000,2,3600,2000,70000,1
4e+05,2,4,2500000,50,2,3000,2,1200,4000,67000,1
5e+05,2,3,99999996,30,2,200,2,1000,1800,39000,1
4e+05,4,3,1500000,39,2,5000,2,1500,2000,58200,2
92000,4,4,1700000,42,2,2000,2,1100,4800,126700,2
20000,4,11,1100000,38.8,2,1000,2,13000,1500,1e+05,2
450000,2,4,1100000,70,2,6000,2,1200,3500,50000,2
120000,4,2,1200000,42,2,1500,2,1200,1500,23700,2
1e+06,4,4,2e+06,40,2,1000,2,800,3200,80000,1
5e+05,4,7,1200000,35.5,2,800,2,2000,1500,58000,2
5500,4,3,2e+06,65,2,800,2,400,1250,26980,2
170000,4,4,1200000,48.1,2,200,2,1500,900,29000,1
5e+05,4,4,1500000,78.6,1,200,2,500,1000,72000,2
330000,1,3,2600000,31,2,1000,2,7000,7000,54000,1
45000,1,3,3e+06,28,2,2000,2,8100,4800,90000,1
30000,1,4,3e+06,43,2,10000,2,2800,9000,76800,1
350000,1,5,1e+06,40,2,1700,2,6000,5000,40000,1
2e+06,1,3,2300000,30,2,400,2,1200,5000,95000,1
2e+05,1,3,1500000,15,2,1000,2,6500,4000,81000,1
750000,1,4,4e+06,52,2,300,2,12000,5700,1e+05,1
3e+05,1,3,9e+05,18,2,100,2,1600,3000,55000,1
250000,1,5,3600000,40,2,12000,2,2300,6000,120000,1
3e+05,1,3,2200000,33,2,1500,2,2000,3500,97000,1
1800000,1,3,2900000,30,2,3000,2,1500,4000,64000,1
2100000,1,3,2500000,32,2,700,2,1850,4900,138000,1
4e+05,1,5,9e+05,22,1,1600,2,2000,2925,50000,2
72000,1,6,2800000,23,2,1000,2,3000,4000,52000,1
2e+05,1,4,3500000,36,2,2000,2,2500,6000,75000,1
3e+05,2,4,2e+06,42,2,1345,2,2000,1500,57000,1
70000,2,4,1500000,56,2,500,2,1600,8000,46800,1
11000,4,5,1e+06,36,2,500,2,350,3000,40530,2
7e+05,1,5,1600000,18,1,700,2,2400,3000,55000,1
5e+05,1,6,99999996,51,1,4500,2,1400,8000,180000,2
4e+06,1,4,2600000,39,1,4000,2,11500,4000,150000,1
90000,1,4,1800000,26,1,2000,2,1830,6500,68000,1
2e+06,1,4,3e+06,44.5,2,10000,2,25000,2000,120000,1
1e+06,1,5,1200000,33,2,600,2,1200,4980,40400,1
17000,1,5,1500000,55,2,2300,2,8000,5000,77310,1
5e+05,1,4,3500000,40,2,1000,2,10000,3500,70000,1
150000,1,5,2e+06,40,2,7500,2,2800,3000,47800,1
1e+06,1,3,2e+06,38.1,2,1000,2,7800,4986,160000,1
70000,1,4,99999995,40,2,1000,2,2000,3000,50000,1
7e+05,1,4,1500000,24,1,2000,2,3000,4000,52000,1
5e+05,1,4,3e+06,40,2,1500,2,5830,3550,57900,1
31000,1,4,7e+05,24,2,6200,2,5300,1500,98399,1
1420000,1,4,3e+06,35,1,600,2,1000,7000,187428,1
1500000,1,5,4e+06,40,1,500,2,2700,5500,104458,1
80000,1,3,3500000,45,2,8000,2,1700,5000,180700,1
185000,1,3,8e+05,12,2,6000,2,4100,3000,70164,1
1e+05,1,4,2500000,52,2,5000,2,3700,3300,83000,1
784000,1,4,3e+06,60,2,1600,2,2750,4500,72300,1
310000,1,4,4e+06,60,1,1500,2,15000,4000,70000,1
2500000,1,2,1800000,20,2,600,2,500,4000,69000,1
1700000,1,4,4200000,50,2,3000,2,20000,3000,136000,1
5e+05,1,3,2e+06,34,2,500,2,1500,4000,53800,1
620000,1,6,5200000,56,2,1400,2,2800,6000,132000,1
250000,2,4,8e+05,35,2,3000,2,1600,3500,59828,1
80000,4,3,1200000,37.8,2,1000,2,1470,6750,98100,2
21000,2,3,8e+05,37,2,1800,2,1000,600,44000,1
30000,4,4,1500000,60.2,2,1000,2,860,6750,65900,1
2e+05,2,3,5e+05,27.5,2,700,2,1500,1150,34500,1
2e+05,2,3,850000,34,2,2000,2,1900,5000,130000,1
30000,2,4,1e+06,20,2,239,2,550,1000,40480,1
4e+05,2,7,1800000,35,2,2000,2,5000,3900,85700,1
10000,2,3,1200000,25.8,2,360,2,2000,3000,35000,1
1e+06,2,4,3e+06,46,2,300,2,2200,800,118500,1
1200000,2,3,2e+06,34,2,2000,2,12000,4000,111000,1
3100000,2,3,2800000,38.5,2,800,2,5000,4500,115000,1
6000,2,3,3e+06,53,2,1000,2,100,1500,20000,1
1100000,2,3,1500000,35.2,2,300,2,2000,900,66850,2
2e+05,2,5,1400000,36,2,6000,2,1000,4000,80000,1
140000,2,4,1700000,42,2,500,2,1100,4500,55000,1
40000,2,3,450000,17.5,2,600,2,2000,700,41200,1
60000,2,5,2500000,36,2,700,2,3000,7000,85080,1
3e+05,2,8,2500000,41,1,16000,2,1800,21800,70860,1
1400000,2,3,2500000,28,2,10000,1,8000,7000,70000,1
2700000,2,4,3500000,41,2,1000,2,8500,11000,136000,1
160000,2,3,650000,12,2,500,1,2000,3200,65000,2
1800000,2,3,2600000,41,1,650,2,3000,9000,210000,2
380000,2,7,2800000,41,2,2000,2,5500,9200,251300,1
1e+06,2,5,3e+06,43,2,5000,2,7200,15000,92000,1
2e+06,2,5,2700000,42,2,600,2,6700,11000,166900,1
20000,4,5,99999995,48,2,10000,1,1200,2400,84840,1
1500000,2,4,2200000,37,2,3000,2,6300,8000,136000,1
1520000,2,5,3750000,41,2,3500,1,2200,7000,2600000,1
7e+05,2,4,1700000,28,2,3500,2,2070,7000,145000,1
3e+06,2,6,2700000,41,2,1500,2,4500,9000,163100,1
2e+05,2,3,2e+06,28,2,2000,2,10000,7000,110000,1
1550000,2,4,2500000,41,2,600,2,1613,9000,1073000,1
1700000,2,3,3500000,43,2,3000,2,15000,9500,85000,1
1e+06,2,3,1400000,16,2,5000,2,3000,6000,90000,1
4e+06,2,4,3500000,43,2,1000,2,6000,10000,93600,1
3e+05,2,4,3500000,41,2,800,2,7100,8000,96000,1
1e+06,2,4,3e+06,43,2,2000,2,20000,9500,105000,1
50000,1,5,99999995,32,1,800,2,2000,3500,78000,1
1500000,4,4,1800000,56,2,1000,2,3000,2500,55000,1
1300000,2,5,1300000,65,2,300,2,200,2800,40300,1
50000,2,3,1e+06,50,2,1000,2,4500,2800,54000,1
5000,2,4,9e+05,23.1,2,900,2,1400,3000,37880,1
35400,2,2,6e+05,28,2,700,2,100,8000,39700,1
4e+05,3,5,7e+05,22.8,1,1200,2,3000,5000,62200,1
6e+05,4,4,7e+05,80,2,1000,2,1500,3000,44000,1
120000,3,4,5e+05,37,2,800,2,2000,3000,27000,1
56000,2,3,2500000,45,2,1500,2,1608,3000,30000,1
70000,2,3,1300000,45,2,1000,2,1500,3000,66300,1
2e+05,1,3,3e+06,32,2,1000,2,1800,3000,88000,1
632000,1,4,5500000,58,2,800,2,4500,4500,79014,1
4e+05,1,4,2400000,30,2,2000,2,2000,4000,66000,1
140000,1,3,99999995,38,2,500,2,1000,5000,53000,1
1e+05,1,4,2600000,28,2,2000,2,1555,4400,85000,1
420000,1,2,2e+06,40,2,5000,2,50,6500,44000,1
3e+06,1,8,4600000,66,2,8000,1,3000,15000,217000,1
1700000,1,4,3e+06,37,2,2000,2,10000,6000,81800,1
250000,1,6,99999995,48,2,6000,2,11000,10000,106000,1
3e+05,1,3,2100000,52,2,600,2,1500,4000,88300,1
1200000,1,3,2200000,46,2,2000,2,800,4500,76000,1
5e+05,1,5,2e+06,48,2,1000,2,2480,6000,72980,1
135000,1,3,1800000,18,2,260,2,1500,3800,60000,1
1050000,1,3,2500000,43,1,2000,2,880,4500,81000,1
2e+05,1,4,4200000,54,1,3000,2,10000,5000,120000,1
180000,1,3,1e+06,27,2,4000,2,1000,4000,56250,1
3e+05,1,3,2e+06,27,1,500,2,1700,3700,1e+05,1
320836,1,4,3e+06,65,2,5000,2,3000,4000,84000,1
2350000,1,6,3e+06,65,2,1500,2,3000,6500,101000,1
110000,1,4,1850000,30,2,1000,2,7000,4500,70000,1
1500000,1,3,1600000,30,2,600,2,15000,5000,33250,1
580000,1,3,2e+06,57,2,3000,2,9200,7000,110000,1
2e+05,4,4,2500000,100,2,2500,2,2400,1500,43200,1
950000,4,4,1500000,80,1,6000,2,13800,3000,130000,1
720000,4,5,5e+06,134,2,740,2,4500,2980,82000,2
9200,4,4,7e+05,25.5,2,2000,2,1000,1200,55800,2
514000,4,4,2e+06,51.7,2,250,2,320,2800,56500,1
250000,4,5,2e+06,55,2,2000,2,2000,2500,56000,2
550000,1,5,2600000,30,2,350,2,10000,4500,80000,1
1300000,1,4,2455000,28,1,2200,2,4500,8000,70000,1
1800000,1,3,3600000,45,2,800,2,11900,6000,70000,1
250000,3,4,1500000,68,2,7000,2,900,4300,38580,2
20000,4,5,3e+06,79.2,2,940,2,600,8000,79000,2
1200000,4,7,6e+06,57.2,1,3000,2,1500,15000,465700,1
4e+05,4,7,3e+06,38.7,2,1500,2,500,5000,115100,2
50000,4,7,2e+06,42,2,500,2,4600,4500,102950,1
1300000,4,4,8e+05,40,2,1100,2,200,2700,79100,2
60000,4,7,2500000,72.4,2,7000,2,7200,3500,79100,1
550000,4,3,1500000,36,2,500,2,1200,1000,47000,1
2e+06,4,5,2e+06,36.8,2,2000,2,1200,3000,60500,1
1e+05,4,9,2500000,43.3,2,3000,2,1000,4000,158000,2
50000,4,4,1200000,69,2,1200,2,400,5000,58000,2
40000,4,10,1300000,66.9,2,8000,2,1000,3000,178000,2
12000,4,7,1500000,29.1,2,800,2,800,3000,65800,1
2e+05,4,4,1500000,29.4,2,400,2,4000,2000,123000,1
1e+05,4,4,2500000,48.2,2,3000,2,1200,7000,99000,1
8e+05,4,5,1500000,60,2,300,2,1300,3000,115000,1
12000,4,4,1200000,46.8,1,840,2,800,5500,80000,2
9e+05,4,6,1200000,37,2,400,2,3000,2900,99000,1
20000,4,8,1200000,36,2,4000,2,3200,4500,70500,1
14000,4,5,1700000,36.2,2,1000,2,500,4000,33800,2
1600000,4,8,4e+06,92,2,100,2,2850,5000,143700,1
127000,1,5,1800000,33,1,405,2,4500,5000,69300,1
60000,1,2,1800000,30,2,1165,2,6000,3900,6500,1
1350000,1,4,4500000,85,2,2000,2,4800,6000,110000,1
3e+05,1,4,2e+06,64,2,100,2,4500,3800,40000,1
6e+05,1,3,9e+05,21,2,200,2,2600,4500,61000,1
3e+05,1,3,1300000,11.6,1,300,2,1000,5000,67000,1
5e+05,1,5,2400000,40,1,1500,2,3000,6500,89000,1
2e+05,1,3,2e+06,30,2,300,2,3000,3700,47000,1
30000,2,9,6e+06,45,2,5000,2,3000,5000,1e+05,1
25500,2,9,2500000,36,2,1000,2,1700,3500,200200,1
2e+05,2,3,2700000,60,2,1000,2,2000,5000,79000,1
9e+05,2,4,3500000,48,2,1500,2,2500,5000,140000,1
10500,2,5,5e+06,60,2,1000,2,800,3500,75500,1
30000,2,6,4e+06,55,2,600,2,1000,3500,97000,1
1700000,2,6,3e+06,42,2,1000,2,1200,4000,68800,1
1e+05,2,1,1500000,36,2,2000,2,1000,3000,20000,2
150000,1,6,2e+07,49.8,2,5000,2,10000,12000,99500,1
4e+05,1,4,6e+06,20,2,2000,2,4000,7800,87700,1
5e+06,1,4,6800000,31.1,2,2000,2,5000,8000,1e+05,1
7e+05,1,5,3200000,30,2,5200,2,6000,8000,182800,1
25000,1,2,6500000,18.6,2,2000,2,9250,4200,233000,1
530000,1,4,9e+06,38.6,2,1150,2,9500,6500,86200,1
9e+05,1,4,1e+07,24,2,200,2,7000,3000,140000,1
7e+05,1,3,3e+06,12,1,500,2,4500,1800,113800,1
2500000,1,5,1.1e+07,46.5,1,10000,2,5000,7100,184000,1
55000,1,3,1.2e+07,56,2,400,2,8000,8000,1e+05,1
680000,1,3,5e+06,57,2,5000,2,15000,2300,121000,1
1e+06,1,4,7500000,32,1,2500,2,5500,12000,250000,1
42000,1,6,9e+06,30,2,3000,2,12000,7000,171400,1
160000,1,3,1.1e+07,44.8,2,3000,2,15000,8000,1e+05,1
82000,1,5,1.2e+07,43,2,12000,2,12000,9000,120000,1
7e+05,1,5,1.1e+07,41,1,10000,2,20000,10000,188500,1
50000,1,3,17500000,50,1,1000,2,10000,15000,82000,1
8e+05,1,4,1.2e+07,38,2,3000,2,20000,6000,170000,1
3800000,1,4,6e+06,19,2,7000,2,1600,3000,80000,1
5e+05,1,4,2e+06,30,2,1000,2,2700,5310,96788,1
460000,1,3,4e+06,33,2,1200,2,8000,7200,70000,1
7e+05,1,3,7e+06,40,2,1500,2,2400,4500,70000,1
1e+05,1,6,6e+06,46,2,3000,2,4500,4315,121000,1
360000,1,2,5e+06,36,2,1000,2,5000,6020,80000,1
950000,1,5,7e+06,54,2,638,2,7000,5072,112000,1
2100000,1,5,5e+06,27,2,8000,2,1500,9000,237000,1
160000,1,4,1e+06,20,2,6000,2,1600,4000,55050,1
325000,2,4,5e+06,37,2,633,2,3610,12000,40000,1
1600000,2,4,4800000,34,1,1000,2,4000,7000,143500,1
15000,2,4,5e+06,29.3,2,2000,2,19600,8000,190000,1
430000,4,3,3200000,28,2,3000,2,3200,7000,228000,1
1200000,4,10,7e+06,100,2,5000,2,11000,3000,192700,1
12000,2,2,2e+06,29,2,300,2,8000,6000,69000,1
2e+05,2,4,3e+06,33,2,2000,2,2400,5000,105000,1
1500000,2,6,6800000,19,2,4000,2,7800,5600,864000,1
750000,3,4,1e+06,15,2,5000,2,9100,7000,180000,1
45000,2,3,4e+06,30,2,1500,2,2500,5000,40000,1
2e+05,3,3,1450000,36,2,800,2,500,6000,38000,1
850000,2,4,5e+06,27,2,3000,2,5000,5000,207990,1
2048622,3,3,3500000,65,2,2000,2,2800,5000,111500,1
250000,2,5,5500000,30,2,4000,2,2500,12000,78550,1
350000,4,4,2300000,27,1,500,2,1700,10000,84300,1
1700000,2,4,7e+06,29,2,1000,2,5000,4000,270000,1
1850000,4,4,7e+06,44,2,5000,2,32000,8000,116600,2
6e+05,2,4,2500000,42,2,3000,2,8100,7000,60000,1
160000,2,3,2100000,24,2,1500,2,5200,5690,84670,1
3e+05,3,4,2300000,49,2,220,2,3000,4800,76800,1
780000,3,3,1600000,20.8,2,190,2,1200,3150,141500,1
5e+05,3,4,2700000,49,1,400,2,6200,4800,72000,1
460000,2,4,1300000,16.3,2,2000,2,3000,3000,34000,1
1200000,2,3,2e+06,24,1,3000,2,2500,6000,69000,1
2e+06,1,6,99999996,20,2,2500,2,4000,6000,170000,1
1e+06,1,4,7e+06,28,2,2000,2,11000,6500,149500,1
5e+05,2,5,5e+06,42,2,1000,2,6000,6000,119300,1
250000,2,2,3800000,16,2,3000,2,3100,10000,57000,1
3900000,2,4,7e+06,34,1,3000,2,6000,7000,135000,1
1100000,4,5,4e+06,13.1,2,1500,2,2240,5000,108390,1
2e+05,4,9,4e+06,26.5,2,10000,2,1000,15700,135000,1
5e+05,4,3,1e+07,46,2,1000,2,8000,4000,41700,1
484000,1,3,5500000,31,1,6500,2,2500,5000,160000,1
150000,1,3,1.3e+07,41.5,2,2000,2,12000,10500,77000,1
1100000,1,4,99999996,41,2,2000,2,4350,6000,92000,1
40000,1,4,6e+06,37,1,3000,2,6000,9000,104500,1
6000,1,5,1.2e+07,40,1,3000,2,11500,6800,183972,1
3e+05,1,6,6e+06,17,2,700,2,5240,6800,110350,1
250000,2,4,2500000,27,2,5000,2,21600,5000,90000,1
2e+05,3,5,3e+06,29,2,1000,2,2500,8600,91300,1
5e+05,4,3,8e+05,35,2,10000,2,420,10000,65200,1
120000,4,4,1500000,47,2,10000,2,2000,8500,151700,1
180000,4,3,1200000,32,2,400,2,500,5500,30500,1
8e+05,4,4,3e+06,47,1,4000,2,2500,6500,84200,1
6e+05,4,3,1500000,46,2,400,2,1500,13000,71000,1
610000,1,5,1500000,19,2,300,2,300,3200,90000,1
1800000,2,4,1800000,49,2,800,2,750,4500,67000,1
60000,2,6,1500000,28.4,2,200,2,700,8000,55000,1
985000,2,3,1400000,27,2,2500,2,650,6000,84900,1
350000,2,3,1300000,25.2,2,1000,2,1500,6000,33000,1
7e+05,2,5,1800000,33,2,1100,2,3900,3600,50492,1
3e+05,2,3,1500000,30,2,1500,2,2000,3500,45000,1
1200000,2,4,2e+05,38.4,1,300,2,1000,5500,114000,1
220000,2,4,1500000,26,2,1600,2,500,4000,40400,1
1300000,2,5,2e+06,39,2,2000,2,4600,5000,119200,1
8e+05,2,4,1700000,28.8,1,1500,2,2500,4500,58000,1
140000,2,2,1500000,24,2,1000,2,1800,3000,28000,1
30000,2,4,2600000,40,2,3000,2,14000,5000,90000,1
1200000,2,5,3400000,30,1,5000,2,2500,6500,60000,1
1200000,2,4,1800000,47.5,2,1500,2,8000,3600,76000,1
150000,2,3,1e+06,18,2,600,2,3000,2300,51000,1
120000,2,4,1500000,41,2,500,2,1000,3000,27900,1
2520000,2,7,2300000,69,2,500,2,1500,5800,129500,1
540000,2,6,1300000,28,2,400,2,2300,5000,82702,1
460000,2,5,1200000,35.2,2,5000,2,3200,3000,90700,1
180000,2,5,1300000,43,2,1200,2,2400,5200,79000,1
1e+05,4,4,1200000,26.8,2,400,2,3600,4000,70000,1
670000,2,4,1500000,39.2,2,400,2,8000,4000,110500,1
570000,2,4,1200000,21,2,3000,2,6000,3000,102000,1
3e+05,2,11,1300000,36,2,1000,2,2000,8000,86921,1
1e+05,4,4,1e+06,80,1,3000,2,1000,4000,120000,1
20000,4,3,1100000,48,2,5000,2,1000,3000,20000,1
85000,2,4,1200000,40,2,1200,2,500,3000,55000,1
86000,4,5,7e+05,54,2,1500,2,900,2400,34700,1
330000,3,4,1500000,38.5,1,1500,2,2000,1200,50892,1
9e+05,1,4,5e+06,35,2,1500,2,1200,5000,80000,1
1500000,1,3,6e+06,75,2,1000,2,2500,2500,50000,1
70000,1,5,1800000,19,2,500,2,2300,3000,45000,1
422000,1,6,5e+06,100,2,4000,2,3500,3500,115000,1
504000,1,3,3200000,32,2,1000,2,3130,4000,60000,1
1e+06,1,4,2300000,20,1,500,1,3700,3100,62500,1
192000,1,4,1300000,15.8,2,300,2,200,2500,31600,1
7e+05,1,6,99999995,25,1,2000,2,2000,4500,198705,1
205000,1,4,3200000,19,1,1500,2,9700,4700,55000,1
2124000,1,4,2500000,30,1,200,2,2400,3300,52000,1
2e+06,1,7,2500000,56,2,4500,1,2000,9000,126700,1
2e+05,1,4,2e+06,38,2,1000,2,2100,8000,68300,1
370000,1,4,1900000,38,2,3000,2,8000,6500,45000,1
1750000,1,4,2700000,41,2,1500,2,3000,4500,190000,1
1e+06,1,4,1800000,38,2,1000,2,2000,8000,89000,1
250000,1,4,1200000,18,2,1500,2,9200,2500,97700,1
350000,1,4,1800000,43,2,1000,2,3300,5000,68000,1
5e+05,1,4,1800000,51,2,2000,2,2000,4000,70000,1
16000,1,3,1800000,25,2,10000,2,2800,3000,82000,1
430000,1,5,850000,37,2,1500,2,5900,700,81923,1
25000,2,4,1e+06,27,2,700,2,1200,5500,84000,2
1800000,2,2,3e+06,102,2,2000,2,2000,5500,38000,1
4e+05,2,4,8e+05,27,1,1500,2,2000,5200,40000,1
187300,2,3,950000,35,2,600,2,1000,800,28500,1
320000,2,4,1800000,39,2,450,2,2400,2300,45050,1
350000,2,5,1500000,30,1,250,2,1800,1800,60570,1
3e+05,2,4,7e+05,24,2,8000,2,800,4000,30000,1
470000,2,3,9e+05,29,2,320,2,1200,1600,57200,1
4e+05,2,4,2500000,50,1,4000,2,1000,4500,81000,1
5e+05,2,3,99999996,36,2,2000,2,1400,2500,16000,1
270000,2,5,2e+06,32,1,2000,2,4500,7000,1e+05,1
4e+05,2,4,2500000,60,2,240,2,1400,5000,45000,2
2e+05,4,11,8e+05,38.8,2,5000,2,3700,5000,114500,2
130000,4,2,1300000,42,2,1800,2,200,1000,24709,2
30000,4,4,1300000,23,2,300,2,1200,1400,32650,2
3e+05,4,7,9e+05,35.5,2,2100,2,500,1100,68000,2
5e+05,4,4,3e+05,42.5,1,1000,2,2700,1300,60000,2
2e+05,1,3,2700000,32,2,150,2,3800,7000,21000,1
1300000,1,2,2e+06,18,2,400,2,5100,3500,71000,1
2e+05,1,3,2700000,32,1,6000,2,1500,4800,120000,1
3e+05,1,3,1200000,10,2,500,2,5000,3000,98000,1
1000500,1,4,4200000,60,2,2100,2,10000,6500,80000,1
5e+06,1,4,1200000,16,2,1000,1,9500,3700,110000,1
5e+05,1,4,3e+06,42,2,1000,2,4000,5500,59000,1
3e+06,1,2,5e+05,45,1,1500,2,4000,5700,78740,1
850000,1,4,3e+06,48,2,2000,2,10700,7500,78000,1
1800000,1,3,3e+06,30,2,3000,2,2000,5000,73000,1
1e+06,1,3,2500000,30,1,10000,2,2500,4500,144000,1
350000,1,5,8e+05,22,1,1800,2,1200,2200,44000,2
36000,2,4,3e+06,48.9,2,700,2,3200,1500,62500,1
375000,2,5,1600000,38.1,2,1000,2,2500,4500,57153,1
8e+05,2,4,99999995,38,2,500,2,1000,6500,50500,1
150000,4,5,1800000,50.4,2,1200,2,400,3000,43000,2
1410000,4,4,99999995,60,2,4000,2,3300,3000,68000,2
436324,1,5,2600000,39,2,1960,2,4246,3240,80000,1
2e+05,1,4,2500000,39,2,3000,2,5000,5000,74500,1
150000,1,5,99999996,26,2,750,2,8050,3200,125000,1
305263,1,3,4e+06,54,1,5800,2,1800,4300,66500,1
2500000,1,4,2700000,38,1,720,2,8000,4500,105000,1
33000,1,4,1600000,26,1,2000,2,7340,5200,38600,1
36963,1,3,2e+06,32.8,2,1940,2,4160,5000,36000,1
6e+05,1,4,2500000,37,2,1500,2,3500,3000,88000,1
6e+05,1,4,3500000,44,2,500,2,10000,4500,90500,1
679000,1,3,2e+06,38.1,2,1600,2,4200,4600,86000,1
36000,1,5,2e+06,38,2,4600,2,8160,5000,71169,1
1500000,1,3,2e+06,20,2,2000,2,5000,3500,103000,1
1020000,1,4,1200000,38.6,2,1440,2,4000,2890,57000,1
650000,1,4,1400000,24,2,2500,2,7000,3000,50000,1
1200000,1,3,3e+06,48,2,2000,2,5200,6000,78000,1
1920000,1,4,1800000,32,1,600,2,4330,5000,61000,1
460000,1,4,4500000,40,2,4000,2,2000,6500,64000,1
2e+06,1,4,3e+06,35,2,500,2,1900,4000,108165,1
70000,1,4,2300000,35,2,4000,2,4000,6000,84675,1
8e+05,1,4,5e+06,60,2,2000,2,4200,7000,127400,1
1500000,1,3,6e+06,47,2,4000,2,3850,5000,97000,1
170000,1,4,6e+06,120,2,3000,2,1500,4500,98000,1
1200000,1,5,6e+06,60,2,5000,2,3500,5000,83500,1
3e+06,1,3,4500000,20,2,2000,2,7000,6000,87365,1
301400,1,4,1750000,31.2,2,365,2,3500,3865,45000,1
3799200,1,5,2300000,49.9,2,560,2,1500,3960,52020,1
470000,1,6,5400000,56,2,1700,2,2400,6400,138440,1
936000,1,3,1280000,18.3,2,380,2,2000,2420,44000,1
430000,2,4,1200000,18.5,2,2000,2,3000,8200,59500,1
180000,2,4,8e+05,35,2,5000,2,6150,4500,75600,1
80000,4,3,1e+06,37.8,2,500,2,1650,6100,82000,2
7000,2,3,8e+05,37,2,200,2,600,1500,57000,1
3e+05,4,4,1500000,60.2,2,300,2,1000,6600,55500,1
130000,2,6,4e+05,20,2,1000,2,400,1500,50000,1
150000,2,4,8e+05,20,2,4000,2,300,1200,38900,1
1e+05,2,7,1800000,35,2,3000,2,6000,6000,78400,1
1e+06,2,4,3e+06,51,2,2500,2,1500,1600,41200,1
30000,2,4,99999995,26,2,1000,2,2000,6000,52100,2
1500000,2,3,2e+06,34,2,3500,2,3500,8000,108200,1
118000,2,4,2e+06,30,2,540,2,2400,2000,58026,2
30000,2,5,1800000,36,2,1000,2,3500,4000,134000,1
40000,2,4,1700000,52,2,500,2,4000,4500,63000,1
10000,2,3,1200000,20,2,3200,2,3850,1800,343000,1
1300000,2,4,2300000,40,2,1500,2,3000,4000,109500,1
60000,2,3,9e+05,21,2,2000,2,2000,600,50278,1
1200000,1,5,99999995,39,2,1000,2,12000,6000,92000,1
1e+06,2,5,3e+06,65,2,500,2,3000,2800,53000,1
3000,2,4,1300000,44,1,2000,2,600,3500,25000,1
7500,2,4,1e+06,23.1,2,3500,2,1250,2500,43900,1
120000,3,4,5e+05,37,1,700,2,2200,2500,48000,2
8e+05,1,4,4300000,45,2,1500,2,20000,5800,112000,1
2e+05,1,3,3e+06,25,2,7000,2,4200,5000,70500,1
8e+05,1,4,5500000,50,1,3000,2,34000,5500,101000,1
530000,1,3,3800000,46,2,1000,2,11000,5300,69000,1
72000,1,3,99999995,38,2,3000,2,2200,5000,49000,1
35700,1,4,2500000,45,2,1000,2,600,4500,60900,1
480000,1,5,2100000,31,1,2000,2,2500,7000,111700,1
2860000,1,9,3400000,52,2,20000,2,3200,8300,214600,1
56000,1,9,2600000,28,2,1500,2,40000,7000,394300,1
1e+06,1,4,3e+06,58,2,3000,2,3000,4500,106500,1
320000,1,3,3500000,46,2,2000,2,1600,5000,72000,1
168000,1,4,3e+06,45,2,3000,2,2200,6500,75000,2
280000,1,5,99999995,48,2,4000,2,5000,9000,80000,1
8e+05,1,4,2400000,52,2,700,2,6000,6500,80000,1
2e+06,1,5,2300000,48,2,6300,2,980,6000,74350,1
60000,1,1,1500000,17,2,450,2,3000,3500,30000,1
110000,1,4,4600000,61,2,5000,2,4000,10000,156000,1
20000,1,3,2500000,48,2,1500,2,9500,4600,48378,2
264000,1,4,2800000,72,2,2000,2,700,5200,82720,1
60000,1,7,2200000,41,2,3000,2,2000,6000,107000,1
40000,1,5,2500000,54,2,5000,2,2500,5000,77000,1
4000,1,4,1800000,28,2,1500,2,5000,3700,95000,1
5e+05,1,4,2800000,46,2,2000,2,10000,5000,60000,1
5e+05,4,4,7e+05,28,1,500,2,1000,800,49000,1
8e+05,4,4,3e+06,90,2,2000,2,3600,4000,60000,2
3e+05,1,5,3200000,40,2,5000,2,10000,6000,111000,1
380000,1,4,1500000,20.5,1,600,2,3000,3000,75630,1
130000,3,4,1e+06,30,2,700,2,500,2200,50200,1
180000,3,4,1500000,70,2,6000,2,420,4000,45000,2
8e+05,4,7,3e+06,57.2,1,3200,2,900,7000,459817,1
3e+05,4,7,2500000,56,2,4000,2,2350,6500,182200,1
50000,4,3,1200000,35.3,2,520,2,350,3500,60000,2
70000,4,7,3e+06,72.4,2,4000,2,9500,3600,83300,1
5e+05,4,10,2e+06,64.4,2,2000,2,500,6000,202200,2
2500000,4,5,2500000,40,2,3700,2,1000,2000,138885,1
980000,4,6,1500000,29.1,2,1000,2,1500,3500,76000,1
1e+06,4,7,2e+06,45.5,2,2000,2,500,3500,87700,1
101000,4,7,1e+06,32.4,2,8000,2,3000,6500,152000,2
2e+05,4,3,5e+05,58.5,2,1000,2,1400,2600,146000,1
4e+05,4,6,1e+06,35.3,2,1000,2,1400,3000,140000,1
650000,4,5,3e+06,60,2,500,2,1000,4000,106000,1
2e+05,4,7,2e+06,64,2,3000,2,1300,4000,116100,1
4e+05,4,7,1200000,37,2,2000,2,4000,3000,148000,1
3e+05,4,9,2500000,36,2,1000,2,2500,4300,73300,1
150000,4,4,1200000,28.8,2,500,2,900,3000,65000,1
1220000,4,10,2500000,92,2,1000,2,3000,6000,317315,1
550000,1,4,4500000,65,2,5000,2,10000,6000,67200,1
40000,1,4,1900000,33,2,3000,2,4400,4500,35000,1
3e+05,1,5,1e+06,18.9,2,1000,2,3400,3400,1e+05,2
350000,1,4,8e+05,21,2,700,2,2000,4000,22000,1
110000,1,2,5e+05,18,2,1500,2,4000,2800,28600,2
3e+05,1,3,6e+05,21,2,2000,2,120,7400,42600,1
5e+05,2,9,6500000,50,2,5000,2,1600,3500,120000,1
50000,2,6,4e+06,55,1,2000,2,2000,3000,105000,1
5e+05,1,4,3e+06,36,2,15000,2,15000,6000,201419,1
460000,1,3,1.2e+07,42,2,3000,2,4400,4650,98000,1
550000,1,4,1e+07,38.6,2,1950,2,4200,6850,105800,1
1e+05,1,4,1.2e+07,43.1,2,800,2,2000,5030,180000,1
1e+05,1,4,8e+06,32,1,1500,2,2500,10000,95000,1
520000,1,6,99999996,32,2,2000,2,8000,4100,151500,1
7e+05,1,5,1.5e+07,40.3,2,6000,2,20000,11350,128700,2
4737000,1,4,7100000,24.6,2,1000,2,2400,4246,194000,1
1200000,1,4,1e+07,56,2,2400,2,25000,7000,170000,1
9e+05,1,3,9e+06,52,2,1200,2,12000,9000,76000,1
1e+05,2,3,4e+06,30,2,500,2,9200,6000,82000,1
2e+05,2,4,4500000,37,2,377,2,2500,11500,25900,1
7e+05,4,4,3500000,39,2,4000,2,3900,5000,119000,1
750000,4,3,3800000,25,2,2200,2,10000,5500,216000,1
1800000,4,10,6e+06,80,1,3000,2,20000,6600,350000,1
10000,3,4,4e+06,36,2,3000,2,8000,7500,71000,1
40000,2,3,1400000,24.5,2,500,2,8000,6800,57000,1
2800000,3,3,4500000,60,2,3000,2,4500,5500,124000,1
7e+05,4,4,2e+06,26,2,2000,2,6500,4500,218000,1
2e+06,3,4,2e+06,17.1,2,3000,2,3570,4500,78000,1
2e+06,2,4,6e+06,29,2,1500,2,1200,4000,141000,1
280000,4,4,7e+06,44,2,3000,2,3500,5000,120600,1
7e+05,2,4,1700000,32,2,1000,2,2640,5400,60000,1
5e+05,2,4,2400000,43,2,1000,2,6100,7000,70000,1
30000,2,3,2300000,30,2,28000,2,2500,5200,67800,1
240000,2,6,6e+06,70,1,2000,2,5000,1500,172000,1
1120000,3,3,3200000,46,2,980,2,1900,3800,67500,1
2e+05,3,4,2800000,49,1,400,2,5900,5200,115080,1
680000,3,3,2380000,20.8,2,2700,2,2700,3400,60900,1
1e+05,2,5,5e+06,100,2,8050,2,6500,5000,149220,1
480000,3,4,3100000,49,2,890,2,2400,4500,144900,1
3400000,2,3,2500000,24,2,2500,2,200,2200,84343,1
2e+06,2,4,1500000,40,2,1000,2,7000,14000,120000,2
4e+05,2,4,1200000,45,2,900,2,3000,8500,45000,1
57000,2,4,5e+05,30,2,1000,2,3000,5000,67600,1
5e+05,2,3,99999995,27,2,3000,2,2000,8000,90000,1
370000,2,4,1600000,41,2,400,2,4000,7000,80000,2
20000,2,5,1500000,37,2,2500,2,2500,10000,114000,1
1500000,2,4,1300000,61,1,3000,2,3000,9000,1e+05,1
1800000,2,5,1e+06,53,1,5000,2,13500,10000,2e+05,1
5e+05,1,4,7e+06,32,2,2000,2,8000,7000,141500,1
480000,1,4,8e+06,34.2,2,2700,2,13000,8500,131500,1
2500000,1,2,7880000,34,2,1000,2,31000,7000,203354,1
6e+05,2,5,3e+06,42,2,500,2,2000,5000,73080,1
160000,2,2,4e+06,16,2,2000,2,5000,5000,82000,1
3e+06,2,4,8e+06,34,1,5000,2,10000,3000,2e+05,1
7e+05,4,5,4e+06,13.1,2,3000,2,8300,4200,113700,1
3e+05,4,8,3e+06,26.5,2,10000,2,14000,12000,332400,1
5e+05,4,6,4500000,30,2,1300,2,3000,7500,60000,1
60000,4,4,5e+06,35,2,600,2,2400,8000,126000,1
2400000,1,3,6e+06,30,1,1000,2,6400,9000,145000,1
97000,1,3,5500000,18,2,3500,2,3500,5500,2e+05,1
23000,1,4,6500000,37,2,2000,2,1300,5500,111500,1
384000,2,5,2500000,27,2,2000,2,300,6500,80000,1
45000,2,4,5e+06,38,2,1500,2,6000,6700,126000,1
1e+05,4,4,1800000,35,2,2000,2,1200,13000,65000,1
1e+05,4,5,1e+06,32,2,2000,2,1200,8000,1e+05,1
916232,2,3,1500000,27,2,5000,2,2400,4500,31900,1
170000,2,3,1900000,35,2,10000,2,800,5000,46000,1
30000,4,4,1750000,40,2,1200,2,1400,5000,40000,1
90000,4,4,1800000,50,2,5000,2,2000,5000,40000,2
3e+05,2,3,1600000,40,2,1200,2,3000,4000,60000,1
5e+05,2,4,2500000,30,2,600,2,900,5000,41000,1
720000,2,6,2900000,50.9,2,10000,2,6200,7300,114500,1
2e+05,2,4,1500000,26,2,2000,2,1400,4100,55300,2
1240000,2,3,2e+06,40,2,1000,2,5200,7200,64000,2
1600000,2,5,3800000,30,2,1500,2,3000,7000,75000,1
1100000,2,4,2600000,47.5,2,4000,2,6500,4500,82500,1
55000,2,4,2e+06,41,2,500,2,3700,3400,45400,1
1100000,2,7,2e+06,69,2,500,2,1800,5600,170000,1
120000,4,5,1700000,48,2,300,2,3000,6000,65000,1
180000,2,2,1800000,30.4,2,1000,2,4000,3500,39000,1
3800000,2,4,2e+06,39.2,2,2000,2,9500,4000,112400,1
560000,2,4,2300000,21,2,1000,2,4000,3000,115000,1
3e+05,2,4,2e+06,48,2,2000,2,2000,5000,80000,1
82000,4,4,1500000,86,2,1000,2,950,4000,103500,1
130000,2,4,750000,29,2,1340,2,1500,4000,53000,1
80000,2,4,99999996,26.7,2,2000,2,2300,3800,41986,1
60000,2,4,6e+05,21,2,300,2,1000,3200,36212,1
739000,1,4,99999995,38,2,2080,2,3350,3500,64100,2
1e+06,1,7,99999996,18,2,5000,2,7700,3000,130826,1
250000,1,4,5e+06,40,2,1000,2,15000,5000,90000,1
760000,1,5,3e+06,19,2,500,2,12000,4200,90000,2
250400,1,6,7200000,100,2,5000,2,3900,8000,107500,1
1600000,1,4,5500000,70,2,500,2,6000,3000,70000,2
432000,1,3,99999996,30,2,6000,2,6640,2500,55000,1
1500000,1,5,3900000,30,2,3000,2,5000,2500,63000,1
9e+05,1,3,5700000,43,2,1000,2,2000,3000,1085000,1
2300000,1,3,4300000,30,2,500,2,3400,3040,103000,1
390000,1,4,2700000,34,1,3000,2,5000,6000,87000,1
2140000,1,8,3600000,61,2,1500,2,1000,8000,127134,1
1e+05,1,4,2e+06,42,1,1500,2,1400,8500,53000,1
2700000,1,3,1900000,24,2,3000,2,2100,2850,41700,2
220000,1,4,9e+05,26,2,2100,2,2000,4500,43000,1
170000,1,4,2e+06,32,2,500,2,500,6000,40200,1
539000,1,5,3e+06,40,2,3000,2,4000,3500,147560,1
80000,1,6,2400000,18,2,5000,2,3700,2400,68200,1
9000,1,6,3e+06,32,2,1600,2,2400,4600,103214,1
2180000,1,3,2500000,46.1,2,4000,2,4240,5500,170550,1
2e+05,1,4,1800000,43,2,500,2,4100,4000,72000,1
1410000,1,4,3e+06,51,2,3000,2,2000,3400,80000,1
1100000,1,4,1450000,36,2,600,2,2100,3100,130900,1
560000,1,3,1900000,25,2,5000,2,2500,3900,83000,1
3e+05,1,5,850000,26.6,2,1700,2,600,800,59100,1
3270000,1,4,4e+06,70,2,2000,2,10000,11000,1e+05,1
550000,1,3,1500000,18.6,2,850,2,2100,2600,48400,1
550000,1,4,1600000,30.3,2,890,2,5000,4500,86600,1
7e+05,1,4,3200000,38,2,3000,2,715,3700,78500,1
5e+05,2,5,950000,33,2,2300,2,3000,5800,160000,1
17000,2,4,1400000,45,2,1300,2,2700,3200,79000,1
15000,2,3,1100000,31,2,1100,2,2000,4400,51000,1
134000,2,3,1200000,38,2,700,2,2000,1700,25300,1
4e+05,2,3,6e+05,16,1,4000,2,500,1500,72000,2
63000,2,5,2e+06,48,2,1200,2,2500,1200,144420,1
360000,2,4,7e+05,24,2,120,2,1700,2500,51100,1
4e+05,4,5,1200000,45,2,500,2,1500,1500,40000,2
230000,2,4,3500000,60,1,4000,2,8000,6000,88000,1
4e+05,2,5,99999996,36,2,1000,2,300,3000,1e+05,1
3380000,2,6,2400000,40,1,10000,1,4000,7000,90000,1
83000,4,4,1800000,42,2,3400,2,1200,3700,66000,2
124000,4,2,1500000,42,2,1000,2,700,1300,35635,2
1100000,4,7,1300000,35.5,2,1800,2,1100,1500,87000,2
4500,4,6,99999995,33,2,1300,2,1300,1800,58000,1
2e+06,4,4,1500000,78.6,2,1300,2,400,1000,108000,2
150000,1,3,3e+06,30,1,2000,2,36000,4860,120000,2
6e+05,1,3,1400000,16,2,300,2,2500,3800,112000,1
1100000,1,4,8e+06,60,1,800,2,8000,6800,115000,1
30000,1,7,4500000,45,2,5000,2,1084,6500,168566,1
2e+06,1,6,3e+06,30,2,3000,2,3000,4800,170000,1
2100000,1,4,1500000,16,2,1050,2,6000,2800,105000,1
40000,1,3,5e+06,40,2,3000,2,1800,5000,80000,1
9e+05,1,3,3500000,32,2,5000,2,8000,4000,153000,1
150000,2,4,2e+06,42,2,3200,2,3600,2000,57500,1
1289000,4,4,2e+06,60,2,5000,2,1500,4000,70000,2
2700000,1,4,3800000,39.5,1,1200,2,8000,5000,150000,1
1200000,1,4,3800000,44.5,2,10000,2,5000,2000,60000,1
1600900,1,3,2500000,38.6,1,1600,2,500,3900,355660,1
6e+05,1,5,1500000,56,2,7260,2,500,4500,100105,2
1300000,1,4,3500000,52.2,2,1500,2,3000,8000,1e+05,1
120000,1,3,1500000,24.5,2,850,2,2000,4250,66250,1
3e+05,1,4,3e+06,40,2,500,2,5500,4500,101000,1
560000,1,3,3e+06,38.1,2,1960,2,2000,2264,169300,1
730000,1,4,2300000,36.6,2,2630,2,1200,3160,38000,1
5e+05,1,4,1500000,23,2,4000,2,12000,4000,55000,1
3500000,1,4,2e+06,18,2,777,1,4000,5000,247000,1
1e+05,1,4,850000,24,2,1200,2,1000,2000,133000,1
5e+05,1,3,3e+06,35,1,2000,2,3000,7500,156000,1
87000,1,4,6e+05,28,2,470,2,1000,4800,46360,2
42000,1,5,2500000,26,2,1400,2,3100,9000,126370,1
3e+05,1,2,1700000,18,2,4000,2,6400,5000,64530,1
4e+06,1,3,6e+06,54,1,3000,2,3000,5000,78000,1
6e+05,1,3,1e+06,12,2,1500,2,3600,4000,70000,1
120000,1,3,3e+06,36,2,6000,2,3000,4000,138300,1
160000,1,3,1800000,32,2,600,2,4000,5000,340000,1
1450000,1,4,3200000,32,2,6000,2,4500,2500,129808,1
1e+05,1,3,3e+06,28,2,1500,2,2300,2000,120000,1
3e+06,1,4,6e+06,34,2,600,2,2000,6000,78500,1
50000,1,4,1200000,46,2,2177,2,3400,2500,83000,1
2800000,1,3,5e+06,50,2,4000,2,7500,5500,107700,1
120000,1,3,2900000,42,2,1300,2,2700,4000,65000,1
290000,1,6,5400000,56,2,740,2,2000,7100,120000,1
837000,1,3,1350000,18.3,2,360,2,3000,2480,40000,1
192000,2,4,1e+06,35,2,5000,2,1690,2550,92790,1
70000,2,3,8e+05,37,2,1930,2,1800,1100,126000,1
3e+05,4,4,1500000,60.2,2,350,2,1000,6800,67550,1
3e+05,2,7,1600000,35,2,1500,2,2000,4000,119600,1
180000,2,3,1500000,18,2,5200,2,4800,6000,55000,1
1500000,2,5,2700000,35,2,11000,1,6400,4500,91100,1
1500000,2,5,4300000,47,2,8000,2,5200,5000,81000,1
9e+05,2,4,4e+06,51,2,3200,2,3000,2000,42558,1
1400000,2,3,2500000,34,2,2000,2,13000,3200,119000,1
150000,2,3,1e+06,32,1,3000,2,100,1500,75000,1
6e+05,2,2,1800000,35.2,2,1500,2,550,1200,37000,1
50000,2,4,2500000,46,2,3000,2,4500,2000,60800,2
32000,2,6,2700000,36,2,3500,2,1800,4300,111785,1
50000,2,4,2e+06,42,2,1500,2,6000,4000,86000,1
50000,2,4,1800000,20,2,2000,2,6200,5000,448000,1
60000,2,3,6e+05,21,2,300,2,2800,800,54500,1
8e+05,1,4,8e+06,43,2,1000,2,10000,6000,150000,1
17000,1,7,5500000,28,2,700,2,10000,4000,138100,1
3e+05,1,5,8e+06,40,2,2000,2,3500,6500,182000,1
160000,4,4,1e+06,48,2,3700,2,250,700,99000,1
2500000,4,6,2e+06,30,2,200,2,1000,1500,98000,1
9e+05,2,5,2e+06,65,2,800,2,2000,2500,57100,1
630000,4,4,5e+05,64,2,1200,2,1000,2500,64600,1
7000,2,4,1e+06,23.1,2,1600,2,1300,3000,42260,1
2e+05,3,4,5e+05,37,1,600,2,2000,3000,27000,1
2e+05,2,3,1500000,45,2,5000,2,3000,2800,31130,1
150000,4,3,1e+06,70,2,1500,2,1700,2000,45000,1
4e+05,1,3,5e+06,36,1,10000,2,7850,7500,62000,1
50000,1,4,5e+06,43,2,2500,2,1300,5700,97300,1
5e+05,1,4,5e+06,48,2,2000,2,5400,6000,101000,1
120000,1,4,3e+06,30,2,3000,2,228,3000,59600,1
1e+05,1,5,99999996,48,2,4000,2,8000,10700,81200,1
3540000,1,4,99999995,30,2,2000,2,3740,10500,133000,1
1e+06,1,3,2300000,17,2,2300,2,25300,3500,62100,1
350000,1,4,2400000,46,2,4000,2,4000,10000,83000,1
2200000,1,5,2e+06,48,2,3000,2,6000,6300,76780,1
40000,1,2,1500000,17,1,2000,2,5000,3000,40000,1
380000,1,5,2800000,45,2,460,2,3800,4000,72600,1
430000,1,3,99999995,19,1,10000,2,1200,4000,87000,2
198171,1,4,2700000,72,1,1560,2,4000,5000,183000,1
125000,1,6,1700000,41,2,3000,2,5000,4000,55900,1
450000,1,3,1800000,28,2,200,2,5600,4500,94000,1
2500000,1,4,3800000,46,2,3000,2,15000,8700,120000,1
350000,4,4,7e+05,15.6,2,1200,2,400,5000,78000,1
580000,4,5,3500000,69,2,5000,2,3000,5000,124700,1
1e+05,4,4,2500000,51.7,2,600,2,1000,3000,480638,1
150000,4,5,8e+05,18,2,1000,2,2000,4000,89000,1
6e+05,1,5,4500000,35,1,1000,2,10000,18000,145500,1
80000,1,5,5e+06,31.5,2,1200,2,7250,4500,68000,2
6e+05,1,4,3500000,36,2,2000,2,4500,6000,55000,1
1300000,1,4,3e+06,28,2,800,2,2500,8000,70000,1
780000,1,4,3e+06,20.5,2,400,2,8000,3000,75000,1
2e+06,1,5,3500000,28,2,350,2,3000,5500,72500,1
60000,3,3,1500000,30,2,500,2,200,2800,50307,1
4e+05,3,4,1500000,68,2,5000,2,1500,3500,85000,2
13200,3,5,1500000,80,2,3000,2,8700,1500,213000,1
5500000,4,8,5e+06,64,2,8400,2,3000,7000,248420,1
250000,4,7,3e+06,56,2,7500,2,16370,5500,247700,1
46000,4,3,2e+06,35.3,2,1120,2,2000,5000,64000,2
280000,4,7,2e+06,72.4,2,7000,2,1500,5000,89500,1
210000,4,3,1e+06,32.2,2,750,2,1100,2300,78000,1
860000,4,6,2e+06,29.1,2,2000,2,600,3000,99000,1
180000,4,7,5e+05,32.3,2,10000,2,3000,6000,158890,1
250000,4,3,6e+05,58.5,2,1500,2,945,2000,70000,1
4e+05,4,5,2500000,60,2,800,2,500,3500,115000,2
10000,4,4,3e+06,45,2,1200,2,1550,5000,67000,2
3e+05,4,8,1800000,64,2,2500,2,1500,5000,112238,1
3e+05,4,8,1500000,37,2,2000,2,2000,3000,137700,1
220000,4,8,2e+06,36,2,2000,2,2000,4000,108400,1
230000,4,6,2500000,98.4,2,15000,2,3120,4500,80000,1
40000,1,5,2300000,44.5,2,1000,2,3300,6500,79300,1
170000,1,2,2e+06,56,2,15000,2,8000,8000,40000,1
340000,1,4,8e+05,21,2,5000,2,3200,3300,38500,1
2170000,1,4,2800000,36,1,2000,2,6000,3000,64000,1
4e+05,1,4,6e+06,54,2,2000,2,6200,9000,92000,1
1e+05,1,5,3800000,44.3,2,650,2,5000,5600,1e+05,1
877000,1,5,3200000,40,2,1150,2,2100,8300,74000,1
350000,2,9,7e+06,50,2,3000,2,2000,3000,120000,1
320000,2,5,5e+06,55,2,1000,2,5000,4000,201000,1
7e+05,1,5,10500000,48,1,4000,2,21000,9000,104309,1
3e+05,1,4,8e+06,43,2,3000,2,10600,16000,151000,1
5e+05,1,4,1.1e+07,21.9,2,5000,2,20000,6000,140000,1
6e+05,1,5,1.3e+07,47.9,1,1500,2,3300,12000,140000,1
3e+06,1,4,3500000,30,1,5000,2,4000,9000,144200,1
363000,1,4,1.2e+07,38.4,2,2720,2,3800,6800,64700,1
7e+05,1,3,8e+06,32,2,7000,2,5000,7000,1e+05,1
3700000,1,4,14800000,31,1,3000,2,15000,11000,5625000,1
7e+05,1,4,1.3e+07,24.2,2,5000,2,13000,7000,105000,1
8e+05,1,4,8500000,19,2,5000,2,2500,4500,120000,1
1400000,1,5,6e+06,25.9,2,8000,2,2000,6500,343800,1
70000,1,5,8e+06,51,2,2500,2,1000,14000,114500,1
2230000,3,5,5e+06,52,1,1300,2,700,10000,130900,1
2400000,3,2,2700000,28,1,2000,2,2000,5000,72300,1
740000,2,4,1.2e+07,32.1,2,900,2,1400,5000,79440,1
1400000,4,3,4e+06,25.3,2,5000,2,8000,4500,2e+05,1
2e+06,4,4,5500000,32,2,3000,2,14000,7500,90000,1
4e+05,3,3,3e+06,28,2,3000,2,14000,6000,118000,2
8000,2,3,2700000,24.5,2,1800,2,5000,7100,62000,1
550000,4,4,2500000,28,2,2000,2,3600,5000,160000,1
3800000,2,6,6e+06,38.2,1,4000,2,3200,7000,158000,1
1500000,2,4,9e+06,29,2,3000,2,4500,5000,148000,1
3400000,4,4,5500000,30,2,700,2,3000,6000,105000,1
1e+05,2,3,7e+06,34,2,5000,2,400,9000,114600,1
80000,2,5,3e+06,18,2,5000,2,3300,3500,119000,1
5e+05,2,4,5e+06,80,2,2000,2,2000,6500,125000,1
880000,3,6,3500000,40,2,1800,2,1900,4800,155700,1
2e+05,2,5,1300000,13,2,8000,2,1500,3000,88600,1
250000,2,5,7e+06,90,2,5300,2,2000,3500,120700,1
240000,3,4,3400000,49,2,700,2,2000,4900,100600,1
21000,2,5,2e+06,18,2,2000,2,1000,3300,47600,1
3200000,2,3,2500000,24,2,2000,2,1500,2600,84200,1
150000,2,2,1e+06,36,2,2000,2,4500,5000,48000,2
1e+06,2,3,2e+06,46,2,500,2,3000,9000,230000,1
1500000,2,4,2e+06,45,1,1500,2,5000,9000,117000,1
750000,2,3,1100000,35,2,4500,2,400,6500,150000,1
2e+05,1,5,1e+07,24.2,2,750,2,2600,6000,165000,1
50000,1,5,99999996,20.7,2,2000,2,19000,7500,163000,1
960000,1,4,99999995,60,2,500,2,1000,10000,135000,1
96000,1,4,99999995,60,2,2000,2,3800,7000,150000,1
2e+05,1,3,1.3e+07,41.2,2,3000,2,3000,7000,88300,1
1200000,1,5,9800000,45.2,2,4500,2,3800,11000,155800,1
70000,1,4,1.1e+07,34.2,2,2000,2,3800,8000,131600,1
28000,1,3,7800000,20.4,2,4000,2,3500,8000,56000,1
70000,1,3,8e+06,26.8,2,3000,2,21400,6000,1e+05,1
2500000,1,3,1.3e+07,34,2,2000,2,33000,11000,401200,1
4e+05,2,5,6e+06,42,2,2000,2,12000,6000,102000,1
5e+05,2,2,7e+06,16,2,1000,2,5000,7000,75000,1
3e+06,2,4,9e+06,34,1,5000,2,10000,6000,239000,1
15000,1,4,1.2e+07,35,2,2000,2,4200,7500,46000,1
2900000,1,3,6e+06,27.9,2,1500,2,500,9500,105000,1
3e+05,1,3,5500000,31,2,1000,2,22000,5500,164000,1
400500,2,5,2500000,27,2,7600,2,4000,10000,112600,1
17000,3,4,4e+06,16.8,2,500,2,3000,8000,109000,1
45000,3,5,4e+06,40,2,1500,2,320,5000,83500,1
150000,4,4,1e+06,35,2,1500,2,1200,12000,66200,2
30000,4,3,1e+06,29,2,3000,2,150,4000,44570,1
60000,3,4,3e+06,47.7,2,2000,2,1000,8200,40500,1
68000,3,7,2e+06,42,2,2750,2,2200,3500,153810,1
6e+05,4,3,1500000,32,2,500,2,250,6000,31000,1
30000,3,3,1500000,42,2,500,2,3000,8000,40630,1
70000,1,6,6500000,59,2,2000,2,4500,10000,99500,1
950000,2,3,3e+06,27,2,4000,2,1000,6000,53600,1
65000,4,4,3e+06,50,1,4000,2,8200,6000,74000,1
1200000,2,3,4e+06,38.4,1,1000,2,3000,5000,96000,1
1e+06,2,3,1800000,30,2,700,2,500,5000,52000,1
3e+05,2,4,5300000,33,2,3000,1,1800,3500,114000,1
3e+05,2,4,2500000,45,2,900,2,12000,6000,113000,1
3450000,2,3,4200000,28.9,1,2000,2,10972,2650,133000,1
70000,2,3,2500000,30,2,1000,2,1500,4000,43000,2
930000,2,4,3100000,47.5,2,1500,2,6500,4000,85000,1
450000,2,5,5e+06,64,2,150,2,12000,2200,52000,1
1e+06,2,7,2e+06,69,2,500,2,1800,8000,192000,1
5e+05,2,6,1900000,28,2,600,2,5500,4500,118000,1
6e+05,2,5,1200000,35.2,2,300,2,6000,5000,104000,1
340000,2,5,1600000,43,2,1500,2,640,5000,73464,1
983000,2,2,2e+06,30.4,1,1000,2,3200,4500,43000,1
380000,4,4,1200000,26.8,2,1000,2,6500,6000,1e+05,1
3536000,2,4,2100000,39.2,2,2500,2,10000,4000,119700,1
656000,4,4,1500000,47.5,2,150,2,2500,7000,76500,1
4e+05,2,4,2e+06,21,2,2000,2,2800,3500,128500,1
90000,2,3,99999995,29,1,1500,2,2000,3000,60600,1
2500000,4,4,3e+06,70,1,2000,2,1600,4000,85000,1
5e+05,2,4,8e+05,40,2,2000,2,4000,4000,47000,1
2e+05,2,4,1200000,26.7,2,600,2,2600,3500,45610,1
5e+05,1,3,6500000,45,2,1000,2,3700,3700,102000,1
1500000,1,2,4500000,38,2,300,2,20000,4300,128000,1
2e+06,1,5,5e+06,43,2,5000,2,4200,3500,204547,2
2500000,1,6,6e+06,48,2,1500,2,4000,7000,167500,2
4e+05,1,4,5e+06,30,2,500,2,2000,7000,90000,2
170000,1,3,6e+06,32,2,700,2,3500,4000,85000,1
1e+06,1,4,6e+06,63,2,1500,2,2700,4500,95000,1
1e+06,1,5,4500000,50,2,300,2,1500,4500,154700,1
5e+05,1,4,2600000,22,1,600,2,2000,4000,62000,1
2088600,1,5,2900000,30,2,500,2,5200,3200,74000,1
1600000,1,3,5e+06,31,2,1000,2,3800,7000,95000,1
24000,1,3,5e+06,30,2,2000,2,3980,3500,129000,1
260000,1,4,2750000,36,1,2500,2,4000,7000,100072,1
160000,1,4,9e+05,26,2,1900,2,2200,4000,47500,1
390000,1,4,2e+06,32,2,1000,2,300,5800,76000,1
21600,1,4,3e+06,36,2,400,2,2100,4500,39600,1
90000,1,5,3300000,40,2,5000,2,3000,4200,213570,1
70000,1,6,1700000,18,2,2800,2,4200,4500,61900,1
80000,1,4,2500000,43,2,1500,2,4400,3200,78000,1
1575000,1,3,4500000,46,2,2000,2,4350,6000,116500,1
1952000,1,3,3e+06,42,2,200,2,4600,7500,76200,1
60000,1,4,2800000,43,2,300,2,4300,3300,59000,1
850000,1,4,1500000,36,2,3000,2,2700,3500,95200,1
121000,1,3,1e+06,33,2,1200,2,3400,3000,53200,1
2e+06,2,4,3e+06,45,2,2000,2,2000,10000,67000,1
420000,2,5,5900000,119,2,350,2,600,6500,170000,1
1e+05,2,4,1300000,45,1,700,2,2000,4500,50000,1
30000,2,4,1300000,31,2,800,2,1500,6500,82000,2
80000,2,3,2e+06,45,2,700,2,2000,6800,30000,1
8e+05,2,5,1900000,38,2,2000,2,3000,9000,90000,1
33200,2,5,1200000,30,2,900,2,5000,5500,90000,1
550000,2,4,2e+06,39,2,1800,2,2200,1500,67900,1
1e+05,2,3,7e+05,16,1,500,2,3000,2500,80000,2
4e+05,2,4,7e+05,18,2,3000,2,3400,3800,58600,2
90000,2,4,1200000,27,2,500,2,1500,5500,62000,1
258000,2,5,1300000,43,2,500,2,5000,5000,81000,1
240000,2,2,9e+05,29,2,600,2,800,2400,53070,1
2e+05,2,4,9e+05,32,2,1200,2,3000,4000,55000,2
50000,4,5,1250000,45,1,1500,2,2000,6000,80000,1
1e+05,2,5,1500000,37.6,2,600,2,2400,6000,75000,1
320000,2,4,4e+06,40,2,3000,2,5000,4500,94000,1
3500000,2,7,6e+06,88,1,11000,2,6700,4500,138829,1
53000,2,4,3e+06,56,2,3000,2,800,3000,45700,1
57000,4,5,3e+06,76,2,2000,2,1000,5000,85000,2
144000,4,3,2e+06,63,2,6000,2,400,4000,64000,2
120000,4,11,1700000,40.8,2,600,2,3000,2000,142000,2
80000,4,7,1700000,42,2,300,2,2400,3000,80000,2
220000,4,6,1800000,41,2,300,2,1200,1500,52100,2
240000,1,4,4e+06,18,2,3000,2,2000,4000,110000,1
870000,1,2,2800000,18,2,670,2,5000,4000,79000,1
3e+05,1,4,3200000,30,2,5000,2,3000,6100,149200,1
1400000,1,4,4500000,30,1,4000,2,20000,6000,135000,1
2330000,1,4,1700000,16,2,1500,2,5500,3600,128000,1
3e+06,1,2,3e+06,42,1,600,2,2000,6800,150000,1
1e+06,1,6,650000,41,1,2500,2,1700,500,84000,1
3e+06,1,6,1200000,12,2,300,2,2000,2800,71700,2
2500000,1,2,6e+06,45,2,700,2,7500,7000,120000,1
2e+05,2,4,2e+06,38.1,2,3000,2,1000,4600,56000,1
1120000,4,4,2e+06,60,2,5000,2,3000,3600,80000,2
150000,1,5,3800000,39.5,2,1000,2,1000,6000,55000,2
70000,1,3,2800000,40,2,3000,2,8000,3200,81400,2
2e+05,1,3,3400000,39,1,2600,2,2500,5500,50000,1
3400000,1,4,4e+06,39,1,780,2,4100,4000,350000,1
1440000,1,3,3e+06,39.8,1,2600,2,4200,5000,95000,2
5e+05,1,4,4e+06,40,1,1200,2,1600,7000,105507,1
7e+05,1,3,2e+06,38.1,1,3200,2,4200,6000,108600,1
2e+05,1,4,2e+06,22,2,2000,2,7000,4000,65000,1
4e+05,1,3,5e+06,40,1,2700,2,8100,4200,70000,1
7e+05,1,3,7e+06,35,1,700,2,1400,5800,220000,1
6000,1,5,3500000,26,2,1240,2,5700,5980,137966,1
1500000,1,5,1500000,32,2,3000,1,5500,7000,100565,1
84000,1,5,4e+06,45,2,5000,2,2500,6500,71508,1
3e+06,1,3,7e+06,40,2,2000,2,5000,7000,105025,1
4e+06,1,3,4e+06,32,2,1500,2,2500,4500,60000,1
6e+05,1,2,3200000,39,2,11931,2,3000,2500,86500,1
45000,1,3,1e+06,12,2,1500,2,2000,5000,31800,1
57000,1,3,4500000,28,1,5000,2,2500,3000,80000,1
53000,1,4,1700000,27,2,7000,2,2600,8000,72000,1
120000,1,4,7e+06,76.6,1,2000,2,2250,1900,110000,1
780000,1,4,4200000,40,1,5000,2,1600,6500,93500,1
650000,1,3,4e+06,44,2,3000,2,3400,6800,96547.5,1
2832000,1,3,5200000,39,2,1200,2,2000,5500,110000,1
3900000,1,3,5e+06,41,1,4000,2,4600,7000,343000,1
8e+05,1,4,9e+06,45,2,4000,2,500,13000,119200,1
580000,1,4,1e+07,120,2,4500,2,24000,5000,75200,1
1e+06,1,4,5e+06,120,2,1000,2,3300,5000,97000,1
3350000,1,3,7500000,50,2,5000,2,4000,5000,113700,1
285000,1,3,2e+06,33,1,400,2,300,1000,111848,1
130000,1,3,3300000,42,2,5000,2,2000,5000,69400,1
295000,1,5,4e+06,28,2,420,2,1900,3800,135450,1
3358000,1,5,2600000,49.9,2,720,2,2500,4700,42000,1
170000,1,6,5500000,56,2,740,2,1500,7200,135800,1
910000,1,5,3900000,38,2,280,2,2400,5400,121300,1
729000,1,3,1400000,18.3,2,460,2,2000,3000,43000,1
2e+06,2,5,4e+06,58,2,5000,2,2400,7000,170000,1
33000,2,4,1500000,20,2,2000,2,150,2000,36000,1
3e+05,2,7,4e+06,35,2,1200,2,5000,4300,102440,1
25000,2,4,2800000,54,2,500,2,1300,3750,65300,1
2e+05,2,3,1100000,38,2,5000,2,2000,2000,63000,1
180000,2,3,1500000,18,2,4000,2,12000,2000,78000,1
1403062,2,5,4300000,35,2,1000,2,4000,4500,91000,1
1300000,2,4,4e+06,40,2,2000,2,1300,5800,147000,1
450000,2,4,5e+06,60,2,1000,2,1700,1600,162000,1
4e+06,2,3,1500000,32,2,2000,1,1500,1500,115000,1
55000,2,4,2500000,30,2,800,2,1600,3000,68800,2
1700000,2,4,3e+06,42,2,1000,2,5500,4800,120000,1
20000,2,4,7e+05,21,2,1000,2,5400,1000,68200,1
2e+05,1,4,99999995,48,2,5000,2,2800,5000,60000,1
2e+06,4,3,3e+06,48,2,600,2,300,1500,79700,1
2e+06,4,7,2e+06,38,2,3000,2,3500,2500,102000,1
8e+05,4,4,1500000,32,2,800,2,200,1000,102200,1
630000,4,4,5e+05,50,2,300,2,500,2600,62000,1
50000,3,4,5e+05,37,1,300,2,1700,5300,36000,1
140000,2,3,1300000,45,2,800,2,1800,3000,50650,1
75000,2,3,1500000,45,2,500,2,240,3000,72000,1
670000,1,4,6800000,48,2,1000,2,2500,4500,129300,1
480000,1,8,5e+06,50,2,10000,2,2000,7500,250000,1
5e+05,1,5,3200000,46,2,2000,2,4000,7000,98145,1
9e+05,1,4,2800000,34,2,2000,2,4500,9000,25000,1
3500000,1,4,3100000,54,2,1500,2,4000,6500,99000,1
40000,1,2,3e+06,43,1,2500,2,17000,4000,80000,1
140000,1,5,3e+06,45,2,1250,2,5500,5000,71803,1
9e+05,1,5,1300000,18,2,3000,2,3000,5000,78000,1
60000,1,3,2500000,48,2,2500,2,6500,5500,72428,2
128444,1,4,3200000,72,2,3000,2,4800,3700,361000,1
2e+05,1,3,1500000,19,2,2000,2,1050,3200,85000,1
1e+06,1,4,2e+06,20,2,1000,2,5000,5500,51000,1
6e+05,1,5,2500000,44,2,300,2,3500,5500,80000,1
9e+05,1,4,4e+06,62,1,3000,2,5500,7000,1e+05,1
1e+06,1,4,3e+06,43,2,700,2,2300,6000,44300,1
8e+05,1,4,4e+06,54,1,1000,2,1000,7000,125700,1
60000,4,3,8e+05,26.9,2,270,2,3000,3000,63000,1
480000,4,5,3500000,64,2,2500,2,5400,10800,117600,1
15000,1,5,5e+06,31.5,2,1000,2,3400,8500,75000,1
1200000,1,4,4e+06,28,2,2000,2,6500,7000,90000,1
97000,1,4,6e+06,75,1,4000,2,10000,6000,70000,1
22000,4,5,4e+06,79.2,2,2000,2,1300,4000,84000,1
9e+05,4,4,1500000,40,2,1200,2,300,3000,91200,1
740000,4,5,2e+06,29.1,2,4000,2,2000,3800,85000,1
5e+05,4,7,2e+06,45.5,2,2000,2,5000,3900,101000,1
170000,4,8,1500000,37,2,800,2,7000,3000,125300,1
90000,4,8,3e+06,36,2,2000,2,2700,4000,84590,1
1e+05,1,2,3e+06,56,2,3000,2,10000,8200,45000,1
1870000,1,3,3500000,30,1,7000,2,2000,3500,60000,1
280000,1,4,1300000,27.2,2,3800,2,4400,3500,75000,1
631000,1,4,6e+06,52,2,5000,2,18000,11000,205000,1
150000,1,3,4e+06,20,2,500,2,2000,4700,63000,1
1e+05,1,3,3500000,30,1,450,2,3800,5000,1e+05,1
30000,2,10,2500000,47,2,1000,2,2000,3000,173000,1
185000,1,5,1.3e+07,52.6,1,7000,2,4500,16000,195000,1
1200000,1,4,4e+06,35,2,640,2,6500,9000,121140,1
2500000,1,6,1.5e+07,40,2,5000,2,15000,15000,244000,1
5e+05,1,4,2.7e+07,60,2,1200,2,2000,5500,156800,1
8e+05,1,5,8500000,30,2,1600,2,8000,8000,232000,1
230000,1,4,1.3e+07,38.6,2,3400,2,2500,6500,110800,1
155000,1,4,1.8e+07,32.4,2,3000,2,20000,8300,290000,1
150000,1,4,16500000,48.5,2,4500,2,35000,8500,233200,1
270000,1,5,8e+06,27.5,2,2000,2,1500,7000,120000,1
2500000,1,6,1.5e+07,54,1,9000,2,25000,8300,280000,1
3200000,1,5,11500000,39.5,2,5800,2,9000,15500,224800,1
3e+05,1,4,16500000,35,1,10000,2,20000,15000,6e+05,1
1300000,1,7,1e+07,36,2,7000,2,2700,9000,120000,1
88000,1,5,1.8e+07,46,2,2600,2,23200,15000,168230,1
6e+05,1,3,9500000,19.4,2,2800,2,2500,10000,102000,1
620000,1,4,1.7e+07,27,2,4000,2,20000,6800,152000,1
750000,1,4,1e+07,19,2,2500,2,13200,4500,150300,1
15000,1,4,5e+06,38,2,1000,2,10000,6000,155400,1
250000,1,3,7e+06,40,2,500,2,16000,7000,130000,1
10600000,1,4,1.5e+07,52,2,2000,2,6000,7000,220000,1
15000,1,5,2e+06,20,2,3500,2,12000,8000,1e+05,1
1100000,1,5,8e+06,28,2,10000,2,1000,9000,257700,1
57000,1,5,2e+05,20,2,2500,2,6000,7200,76900,1
7e+05,3,7,1e+07,80,2,4000,2,16000,6000,171000,1
170000,2,3,5e+06,32,2,1000,2,7900,7000,1e+05,1
430000,2,5,6500000,35,2,4000,2,600,8000,155700,1
2e+06,3,2,3500000,31,2,2000,2,3500,7000,80000,1
350000,2,4,1.4e+07,38,1,9000,2,1860,6000,115000,1
6e+05,4,4,5e+06,25,2,1600,2,12100,7000,132000,2
1500000,4,4,6500000,30,2,2000,2,23000,10000,1e+05,1
2700000,4,10,4500000,45,2,3000,2,12000,4000,324390,1
1317000,4,7,3500000,27,2,10000,2,4500,4000,173700,1
2e+05,2,4,1.2e+07,31,2,1500,2,3000,10000,188000,1
1e+06,2,3,5e+06,31,2,1000,2,7000,6000,160000,1
1500000,3,5,7e+06,40,2,3000,2,3000,14000,97000,1
1400000,3,3,3500000,30,2,1000,2,3500,8000,60000,1
2e+05,3,6,3e+06,29,2,1000,2,1700,10000,152500,1
75000,2,5,4500000,27.2,2,1800,2,12000,11000,128400,1
3e+05,2,4,8e+06,28,2,400,2,3200,16000,89400,1
1100000,3,2,2500000,28,2,700,2,1000,8000,70000,1
3e+05,2,3,7500000,35,2,3500,2,7700,6500,194000,1
1e+06,4,5,2e+06,27,2,4000,2,5000,13000,166540,1
175000,4,4,3500000,30,2,1000,2,1500,7800,76000,1
113000,3,4,7500000,28,2,10000,2,800,7500,78000,1
8e+06,2,5,7e+06,24,1,300,2,17450,13000,295500,1
195000,4,4,3e+06,49,2,3000,2,4200,8500,161000,1
2e+06,4,5,5500000,28,1,4000,2,7000,10000,102000,1
2700000,4,4,2500000,32,2,1000,2,6000,7000,210500,1
1e+06,2,4,1e+07,29,2,2000,2,5000,4000,210000,1
420000,2,3,5300000,20,1,2000,2,2500,10600,203000,1
2e+06,4,4,5500000,34,2,5000,2,7000,8000,160000,1
1e+05,2,5,3500000,18,2,4000,2,9000,3500,126000,1
805000,2,5,2e+06,29,2,4000,2,5500,5800,143050,1
5e+05,2,6,9e+06,70,1,15000,2,16000,2500,272200,1
3800000,3,6,5600000,41,2,480,2,2200,6700,174900,1
105000,3,3,3800000,46,2,1200,2,2500,4120,88100,1
6e+05,3,6,8200000,49.6,2,3000,2,500,7000,126985,1
170000,2,5,1800000,13,2,2000,2,1500,2500,92700,1
2e+05,2,4,3e+06,35,2,2000,2,3000,5000,150000,1
350000,3,4,6300000,49,2,350,2,3000,5300,397600,1
2375000,2,3,3e+06,24,2,1000,2,2400,5000,130500,1
480000,2,5,1200000,46,2,3000,2,2000,5000,85000,1
3e+05,2,3,8e+05,32,2,1000,2,3500,6000,60000,1
1200000,2,4,1e+06,40,2,2500,2,4000,8000,85000,1
240000,1,6,1.7e+07,47,2,3000,2,65000,12000,207000,1
40000,1,3,1.3e+07,33.8,2,930,2,5600,6800,65000,1
1e+06,1,5,1.1e+07,31,2,2000,2,5000,7000,140000,1
7e+05,1,4,1.5e+07,37.7,2,1850,2,7000,5000,85800,1
375000,1,4,1e+07,34.2,2,4500,2,10500,7000,531500,1
1500000,1,3,1.5e+07,34,2,7000,2,5000,11000,355000,1
60000,1,2,99999995,32,2,1000,2,1000,5000,8350,2
450000,2,5,8e+06,42,2,1000,2,1200,8000,218600,1
50000,2,2,7e+06,16,2,2000,2,2000,10000,102000,1
1e+07,1,4,1.5e+07,70,1,10000,2,40000,15000,330000,1
20000,4,6,7e+06,26,2,2500,2,9300,10000,191000,1
1300000,1,3,7e+06,38,1,1500,2,9000,8000,160000,1
68000,1,3,1.8e+07,41.2,2,160,2,8000,10200,120000,1
3e+06,1,5,9500000,65,2,5000,2,15000,11000,423500,1
377000,1,7,1.5e+07,29.3,2,10000,2,16500,7800,112000,1
3e+05,2,4,5500000,30,2,1000,2,2500,7000,97000,1
150000,2,2,5e+06,18,2,2800,2,2035,3500,56000,1
7e+05,3,5,4500000,36,2,6000,2,5000,8000,131600,1
